#['../main.py', '--dataset=fashion', '--epochs=100', '--batch-size=512', '--lr=1e-3', '--save-onnx', '--save-imgs', '--epsilon=0.1', '--delta=0.7', '--oracle-steps=20', '--oracle-restarts=2', '--constraint=StrongClassificationRobustness', '--seed=1', '--logic=DL2']
Epoch,Train-P-Loss,Train-R-Loss,Train-C-Loss,Train-P-Grad,Train-C-Grad,Train-C-Weight,Train-Weighted-C-Grad,Train-Grad-Ratio,Train-P-Metric,Train-C-Acc,Train-C-Sec,Test-P-Loss,Test-R-Loss,Test-C-Loss-self,Test-C-Loss-common,Test-P-Metric,Test-C-Acc,Test-C-Sec-self,Test-C-Sec-common,Train-Time,Test-Time
0,0.0,-1,,-1,-1,-1,-1,-1,0.0,-1,0.0,2.30806328125,0.9266126953125,1.073351953125,1.07344384765625,0.1,0.0,0.0,0.0,0.0,3.064526081085205
1,1.5683808407541049,-1,0.3736118058026847,0.7849106869455111,0.29336276296841896,3.715259616657839,0.25323662515413964,0.40776045847747283,0.4308185577392578,-1,0.6077694650423728,0.7726716796875,0.00039058897495269777,0.000814511489868164,0.0064181488037109375,0.7158,0.9997,0.9997,0.9896,12.615324258804321,2.950714588165283
2,0.6828536340745829,-1,0.0008036746817120051,1.6178547487420551,0.009437886335081974,9.895553330243644,0.0854359885393563,0.05446008908546577,0.7503972457627118,-1,0.9997186175847458,0.625846435546875,4.4207942485809325e-05,0.00014041098356246947,0.005452390289306641,0.7714,0.9999,0.9999,0.9934,10.992239952087402,2.833118200302124
3,0.5917351286290056,-1,0.00019020883966300447,1.7107458599543168,0.0023899681992450004,9.99387993246822,0.023493962772821977,0.013183765492196811,0.7853714247881356,-1,0.9999337923728814,0.57457744140625,1.3926619291305542e-05,0.00012738697528839112,0.008583959197998047,0.7894,0.9999,0.9999,0.9906,12.46951174736023,2.8550496101379395
4,0.5490445929058527,-1,0.00018283974189879532,1.6937744657872087,0.0022097434532844414,9.974570064221398,0.019810567467899647,0.01209869021076267,0.8004778199276682,-1,0.999950344279661,0.53842216796875,0.0,0.0,0.011823883819580078,0.7986,1.0,1.0,0.9892,10.766035079956055,2.993475914001465
5,0.5258224616616459,-1,0.00020989213707083362,1.8672786647990598,0.0018966681623862963,9.924015368445446,0.012292628571138544,0.009928251727152679,0.8092061705508474,-1,0.999950344279661,0.515943505859375,0.0,0.0,0.014902005004882812,0.8125,1.0,1.0,0.9879,11.407778024673462,2.9040298461914062
6,0.5055403951871194,-1,0.0,1.5468700861526747,0.0,10.0,0.0,0.0,0.8166765762587725,-1,1.0,0.507089013671875,0.0,0.0,0.01870980224609375,0.8142,1.0,1.0,0.9848,10.6284921169281,2.813406229019165
7,0.4942165633379403,-1,0.00027841563194485035,1.8086947424937103,0.002081981781175581,9.99578340174788,0.02048998161897821,0.010831062066352974,0.8198159427966102,-1,0.999950344279661,0.487814208984375,0.0,0.0,0.02005865936279297,0.8232,1.0,1.0,0.9853,10.755656957626343,2.8204939365386963
8,0.48378288139731196,-1,0.0002561379224061966,1.8146826533947962,0.002125542295181145,9.966664459745763,0.01827410116034039,0.009690613059674278,0.824075278589281,-1,0.999950344279661,0.479869287109375,0.0,0.0,0.022244015502929686,0.822,1.0,1.0,0.9834,10.765582799911499,3.0191354751586914
9,0.470612024856826,-1,0.00023061690567913702,1.5500459832660223,0.0012473650908066054,9.98559053065413,0.01127672599533857,0.008163145032979675,0.8277001461740268,-1,0.9999668961864406,0.46912568359375,0.0,0.0,0.026065396118164063,0.8296,1.0,1.0,0.9817,11.594338417053223,2.795166015625
10,0.46222664138018077,-1,0.0001036105677485466,1.625957036422471,0.0007419237014600786,10.0,0.0074192371408818136,0.0030446762250641644,0.8318602351819054,-1,0.9999834480932204,0.4674310546875,0.0,0.0,0.030357400512695313,0.8302,1.0,1.0,0.9784,10.952959299087524,3.2703423500061035
11,0.45837699760824946,-1,5.2711882991558415e-05,1.6948934005478682,0.0007042600062944121,9.978314933130296,0.00524053179611594,0.004237287630469112,0.8332726430084746,-1,0.9999834480932204,0.46096630859375,0.0,0.0,0.03747586364746094,0.8344,1.0,1.0,0.9755,11.427743434906006,2.775017023086548
12,0.4531712936142744,-1,0.00015894631397421076,1.5548737089512712,0.0007179450180570959,9.999801377118644,0.007162633083634458,0.004237287883031167,0.8356230137711864,-1,0.9999834480932204,0.449426123046875,0.0,0.0,0.03917417297363281,0.8378,1.0,1.0,0.9742,10.77529525756836,2.679569959640503
13,0.4487257165423894,-1,0.00017243798948445564,1.587669760493909,0.0012299030766648761,9.956215034096928,0.009003732164027327,0.008474575260938224,0.8357112690553827,-1,0.9999668961864406,0.448013671875,0.0,0.0,0.038822979736328124,0.8368,1.0,1.0,0.9738,11.07244348526001,3.0887038707733154
14,0.445177660150043,-1,0.00015160272497746904,1.5746421167405986,0.0006905482860945039,9.970723814883474,0.004519912145905576,0.004237287630469112,0.8377747616525424,-1,0.9999834480932204,0.445221826171875,0.0,0.0,0.05127280883789063,0.8398,1.0,1.0,0.9672,10.792716264724731,2.820241928100586
15,0.439187583276781,-1,5.383917793505272e-05,1.5423728813559323,0.0006390822640920089,9.97582180217161,0.004567469580698822,0.004237287630469112,0.8411844544491526,-1,0.9999834480932204,0.451069921875,0.0,0.0,0.0553231201171875,0.8346,1.0,1.0,0.9638,10.944210290908813,2.8045806884765625
16,0.43863623021012643,-1,0.00018316111132755117,1.6770293672206038,0.0013887229359756082,9.983304298530191,0.012642316899057163,0.008215590048644502,0.8405223781779662,-1,0.9999668961864406,0.4501068359375,0.0,0.0,0.06130286254882813,0.8378,1.0,1.0,0.9609,11.065993547439575,3.004422664642334
17,0.43970289068706964,-1,5.6511990852275136e-05,1.8671359046030853,0.0006107952508885981,10.0,0.006107952635167009,0.0035230684078345863,0.838668564618644,-1,0.9999834480932204,0.437625,0.0,0.0,0.070017529296875,0.8419,1.0,1.0,0.9576,10.986199140548706,3.077160120010376
18,0.4328793671171544,-1,0.0,1.6327953015343617,0.0,10.0,0.0,0.0,0.8421113612288136,-1,1.0,0.431305810546875,0.0,0.0,0.069582080078125,0.8456,1.0,1.0,0.9575,11.067464590072632,2.827568769454956
19,0.4269851425946769,-1,0.0,1.5515688880015228,0.0,10.0,0.0,0.0,0.845653469279661,-1,1.0,0.432184716796875,0.0,0.0,0.0820204345703125,0.844,1.0,1.0,0.9508,11.131028652191162,2.9616243839263916
20,0.42518544601181807,-1,0.00032381331390243464,1.4248504638671875,0.0019152793338743307,9.947259418034959,0.014785668607485496,0.012654416641946567,0.8451955116401284,-1,0.999950344279661,0.428059716796875,0.0,0.0,0.09515137939453125,0.8447,1.0,1.0,0.9415,11.360142230987549,3.0716874599456787
21,0.4221465223926609,-1,0.00018368612469758019,1.572440971762447,0.0013351055272554947,9.97526110632945,0.011171698570251465,0.007840072704573809,0.8462272902666512,-1,0.9999668961864406,0.432966162109375,0.0,0.0,0.09510370483398438,0.8448,1.0,1.0,0.9432,10.689956665039062,2.8288187980651855
22,0.42221066103143207,-1,0.000318028790465856,1.6690913054902674,0.0010409740320706771,10.0,0.010409741078392935,0.005291887259079238,0.8472479480808064,-1,0.9999668961864406,0.424618212890625,0.0,0.0006085785388946533,0.123983984375,0.8474,1.0,0.9999,0.9259,10.83343768119812,2.8848061561584473
23,0.418675212536828,-1,0.0005887172863645069,1.395607641187765,0.0027163735890792587,9.942339363744704,0.023119819366325765,0.01711345729181322,0.8478162733174986,-1,0.9999172404661016,0.4287966796875,0.0,0.0,0.1017009033203125,0.8438,1.0,1.0,0.9397,10.85165023803711,2.9778897762298584
24,0.41601979530463784,-1,5.824436528324071e-05,1.4652813410354872,0.0005642569671242924,10.0,0.005642569671242924,0.0033514436523793107,0.8480700476694916,-1,0.9999834480932204,0.4175337890625,0.0,0.0,0.10576168212890626,0.8509,1.0,1.0,0.9387,11.453977346420288,2.3524539470672607
25,0.4128838878566936,-1,0.00041138702782533935,1.4443121441340043,0.0020140467558876943,9.961071984242585,0.01759261802091437,0.015573594529749983,0.8524783506231793,-1,0.9999337923728814,0.4185970703125,0.0,0.0,0.11727618408203125,0.851,1.0,1.0,0.9317,11.540186882019043,2.965916633605957
26,0.41258925098483845,-1,0.00044588612045271924,1.5269018916760462,0.002083859706329087,9.998958264367054,0.020757335727497682,0.013158814381744903,0.8496976302841962,-1,0.9999337923728814,0.423766845703125,0.0,0.0,0.13467987060546874,0.8468,1.0,1.0,0.9208,10.710679531097412,2.791707992553711
27,0.41183410256595937,-1,0.00012861323242975494,1.586627119678562,0.0003408106138645592,10.0,0.0034081062017861058,0.0035996659327361545,0.851705971410719,-1,0.9999834480932204,0.411422802734375,0.0,0.0,0.16542579345703126,0.8545,1.0,1.0,0.9066,10.784172534942627,2.940755605697632
28,0.4080060861878476,-1,0.00017856478185976967,1.3674157352770788,0.0008329545794907262,9.999746548927437,0.008314336255445318,0.00807861958519887,0.8523624872757216,-1,0.9999668961864406,0.410594775390625,0.0,0.0,0.16935836181640626,0.8551,1.0,1.0,0.9057,11.284170866012573,2.879101514816284
29,0.40743847216589973,-1,0.0001993211049397113,1.4403188673116394,0.0010592078127093234,9.979869777873411,0.009307588561106537,0.006138962709297568,0.853272842148603,-1,0.9999668961864406,0.413191796875,0.0,0.0007005204677581787,0.19011680908203124,0.851,1.0,0.9999,0.8962,10.539994239807129,2.711686611175537
30,0.407286239882647,-1,0.000290391682568243,1.3588155972755562,0.0012988026364374968,9.98844470007945,0.011982740992206638,0.007051507800312365,0.8530301239530919,-1,0.9999668961864406,0.417212744140625,2.403980493545532e-06,0.0006972883224487305,0.17035648193359376,0.8507,0.9999,0.9999,0.9069,10.773290395736694,2.8683295249938965
31,0.4057653394796081,-1,0.0005408623966120057,1.380171177750927,0.0028098553924237268,9.94903047206038,0.024146878113180906,0.018781758971133475,0.8529197563559322,-1,0.9999172404661016,0.40534912109375,0.0,0.0,0.2039992431640625,0.8582,1.0,1.0,0.8881,10.793580532073975,2.861598491668701
32,0.40603392002946237,-1,0.00017692852702181217,1.3559024616823359,0.001178027462151091,10.0,0.011780274116386802,0.0074106757923708124,0.8537693993519928,-1,0.9999668961864406,0.4090296630859375,0.0,0.0,0.2430161376953125,0.8569,1.0,1.0,0.8658,11.108439207077026,2.8090803623199463
33,0.40280300075724973,-1,0.0002808104569123963,1.3643259598036943,0.0013066738591355793,9.985035007282839,0.012090887053538177,0.01049745284904868,0.8558163400423728,-1,0.999950344279661,0.409820458984375,0.0,0.0,0.271869677734375,0.8538,1.0,1.0,0.8536,10.847200870513916,2.8682773113250732
34,0.39901652578580177,-1,0.0003761367525084544,1.200253632109044,0.0022368678602121645,9.926702984308791,0.017766609030254815,0.018286070581209863,0.8555404533774166,-1,0.9999172404661016,0.4084111572265625,0.0,0.0,0.2897679931640625,0.8539,1.0,1.0,0.8485,11.470310926437378,2.8207435607910156
35,0.3990941451767744,-1,0.00029074577456813746,1.3644179004733845,0.001553779815213155,9.97824665651483,0.01431217638112731,0.01017720416440802,0.8543763241525424,-1,0.999950344279661,0.40427490234375,0.0,0.0007348816871643066,0.279899609375,0.8576,1.0,0.9999,0.8554,11.171663522720337,2.828474760055542
36,0.39760777101678363,-1,0.00036074366357366917,1.3089732800499867,0.001324446272041838,10.0,0.013244461205046056,0.008173053547487421,0.8576756493519928,-1,0.999950344279661,0.40741484375,0.0,0.0007611301898956299,0.3391825439453125,0.8542,1.0,0.9999,0.8374,10.997782945632935,2.8418943881988525
37,0.3937886771509203,-1,0.0006104795483209319,1.2151458222987288,0.002282736412549423,9.946102853548728,0.01886792102102506,0.0156278660741903,0.8578853283898306,-1,0.9999337923728814,0.4055588623046875,0.0,0.0,0.3447068603515625,0.8561,1.0,1.0,0.8341,10.752836465835571,2.7797842025756836
38,0.39320619227522513,-1,4.061592458668402e-05,1.1771400580971927,0.0004046771801629309,10.0,0.0040467717384887955,0.0027830024897041966,0.8579680879237288,-1,0.9999834480932204,0.4045360107421875,0.0,0.0,0.3833436767578125,0.8571,1.0,1.0,0.822,11.12303876876831,2.879432439804077
39,0.39186652232024627,-1,0.0005265272901219837,1.2476773019564353,0.00235442994004589,9.959785073490465,0.020744715706776766,0.016437209258645266,0.8590605137711864,-1,0.9999337923728814,0.4002843994140625,0.0,0.0,0.4258693359375,0.86,1.0,1.0,0.8068,10.942628383636475,2.919451951980591
40,0.3934408608129469,-1,0.000453152457031153,1.2129204960192663,0.0013305400892839594,9.99244819253178,0.01270815881632142,0.008649373458603681,0.859082561428264,-1,0.999950344279661,0.403471044921875,0.0,0.0,0.3797302001953125,0.8563,1.0,1.0,0.8144,10.925236701965332,2.8736000061035156
41,0.3903340808415817,-1,0.0005154295240418385,1.152536424539857,0.0016420275225477704,9.94579560877913,0.012564895516735012,0.011663983433933581,0.8591377775547868,-1,0.999950344279661,0.3988177490234375,0.0,0.000770655345916748,0.443979150390625,0.8589,1.0,0.9999,0.7991,11.108820676803589,3.2446672916412354
42,0.3882942199707031,-1,0.0003105675391221451,1.222271806102688,0.0012733476646875931,9.973947298728813,0.01182485940092701,0.011040448132207838,0.858547404661017,-1,0.999950344279661,0.398176318359375,0.0,0.0,0.449431884765625,0.8605,1.0,1.0,0.795,11.596280097961426,2.7229111194610596
43,0.38703743886139436,-1,0.00040927538806099004,1.2467238862635726,0.002038878909612106,9.976744570974576,0.01847029540498378,0.011127728526875123,0.8608977754237288,-1,0.9999337923728814,0.4017456787109375,0.0,0.0,0.535959619140625,0.8573,1.0,1.0,0.7783,10.905381441116333,3.0163326263427734
44,0.3879618563894498,-1,0.0003929955853244006,1.1517688298629503,0.0014598908818374246,9.995812367584746,0.014293092792317018,0.011110015844894667,0.8597556938559322,-1,0.999950344279661,0.39482373046875,0.0,0.0,0.58676357421875,0.8604,1.0,1.0,0.7726,11.36216402053833,3.0192971229553223
45,0.3836313021385064,-1,0.0007112759907366866,1.2152528924457098,0.0023909746590307203,9.940453480865996,0.019780496419486353,0.016672157635123044,0.8616646588858912,-1,0.9999172404661016,0.3935544677734375,0.0,0.0,0.564040966796875,0.8629,1.0,1.0,0.7838,11.743353605270386,3.0821175575256348
46,0.3845401052701271,-1,0.0002447925350171025,1.104390677759203,0.0013313402058714528,10.0,0.013313402563838636,0.009529111749034817,0.8613501726570776,-1,0.999950344279661,0.3899273193359375,0.0,0.0008233917236328124,0.594440625,0.8643,1.0,0.9999,0.7702,10.990642309188843,2.84796142578125
47,0.38271651833744375,-1,0.00033127355499792905,1.1191864013671875,0.0014980685407832517,9.965482032905191,0.012613456128007275,0.01229350041534941,0.8620840169615664,-1,0.999950344279661,0.3903654052734375,0.0,0.0008117283821105957,0.7169265625,0.864,1.0,0.9999,0.7497,10.65014910697937,2.7964634895324707
48,0.38380600234209483,-1,0.00018910648522235579,1.1925441935911016,0.0009230012863369312,10.0,0.009230012610807256,0.009096868967605849,0.8619294893943658,-1,0.999950344279661,0.3918771728515625,0.0,0.0008237105369567872,0.745839794921875,0.8619,1.0,0.9999,0.7422,10.882740020751953,2.6748287677764893
49,0.3813237982281184,-1,0.001079014170978029,1.1037058426161943,0.003815280683970047,9.874354475635593,0.02910385293475652,0.02699809963420286,0.8630991790254238,-1,0.9998841366525424,0.39019560546875,0.0,0.0,0.81920078125,0.8614,1.0,1.0,0.744,11.332183122634888,3.0768485069274902
50,0.3819503460900258,-1,0.0005907512948674671,1.0927596011404264,0.002198630722902589,10.0,0.02198630672390178,0.015107012401192875,0.8624371027542372,-1,0.9999172404661016,0.3939734130859375,0.0,0.0,0.726693359375,0.8605,1.0,1.0,0.7483,10.88844895362854,2.804088830947876
51,0.3776975405418267,-1,0.0007603325076022391,1.0945591037556277,0.002584530135332528,9.93613239870233,0.021505628601979403,0.01914836996692722,0.8645612425723318,-1,0.9999172404661016,0.386675244140625,0.0,0.0,0.8727435546875,0.865,1.0,1.0,0.7321,10.773037433624268,2.8110475540161133
52,0.37972983667405985,-1,0.0008384956646773775,1.0657880104194253,0.0025235111430539922,9.940886933924789,0.02118918855311507,0.02033790087295791,0.8642578125,-1,0.9999172404661016,0.389815771484375,0.0,0.0,0.7718388671875,0.8625,1.0,1.0,0.7411,10.712668657302856,2.8144888877868652
53,0.38010383864580577,-1,0.0006292456666291771,1.2659462104409427,0.002673740861779552,9.992665436308263,0.026366116636890476,0.01774315106666694,0.8627239809197894,-1,0.9999172404661016,0.38911328125,0.0,0.0,0.86308671875,0.8634,1.0,1.0,0.7311,10.74889063835144,2.777750015258789
54,0.37504011897717493,-1,0.000162902887973745,1.117007110078456,0.0008552223443984985,9.988618495100635,0.007980549739579023,0.008474574250690007,0.8646274501994505,-1,0.9999668961864406,0.3842115234375,0.0,0.0,0.94421533203125,0.8645,1.0,1.0,0.7274,11.264817237854004,2.7546539306640625
55,0.37457449961516814,-1,0.0002263351896051633,1.1173442258673199,0.0008398298868688486,9.96793171510858,0.006694040056002342,0.008474574250690007,0.864263308250298,-1,0.9999668961864406,0.38669912109375,0.0,0.0,0.94028525390625,0.8665,1.0,1.0,0.7125,10.76202940940857,2.9105591773986816
56,0.3743498850676973,-1,0.00028111713038662733,1.090008622508938,0.001423415491136454,9.987172272245763,0.013292606604301323,0.01143651190450636,0.8649088326147047,-1,0.999950344279661,0.407838037109375,0.0,0.0,1.04822451171875,0.8504,1.0,1.0,0.7146,11.422930717468262,2.8472585678100586
57,0.3733437101719743,-1,0.0007210150361061096,1.0896389201536016,0.0019704318147594647,9.99143025026483,0.019140275858216368,0.012071242776967712,0.8657474841101694,-1,0.9999337923728814,0.386353076171875,0.0,0.0,0.879073046875,0.8624,1.0,1.0,0.7173,10.492525577545166,2.841672420501709
58,0.3713512420654297,-1,0.00032135137056900283,1.1116408008640095,0.0013452559962111004,10.0,0.013452560214673058,0.00854951850438522,0.865239870750298,-1,0.999950344279661,0.3838753662109375,0.0,0.0,1.0517390625,0.8635,1.0,1.0,0.7015,11.491514444351196,2.7943499088287354
59,0.37192648548190876,-1,0.00023084443251965409,1.1784951161530057,0.0012087936876183849,9.984326378773835,0.011338475397077658,0.011451072612051236,0.8658467955508474,-1,0.999950344279661,0.380952490234375,0.0,0.0,1.0915828125,0.8667,1.0,1.0,0.6771,10.928551435470581,3.115220069885254
60,0.3689325300313659,-1,0.0003561894961837995,0.9920061402401682,0.0012596451630026606,9.990184719279661,0.011994071936203261,0.011026992636211848,0.8676178495762712,-1,0.999950344279661,0.3800351806640625,0.0,0.0,1.13776396484375,0.8648,1.0,1.0,0.6831,11.219062089920044,3.1087279319763184
61,0.3706466545492916,-1,0.0006169703931121503,1.045769513663599,0.002752493498689037,9.979018389168433,0.026109103429115425,0.02061874583616095,0.8665254237288136,-1,0.999900688559322,0.3767640380859375,0.0,0.0,1.21748818359375,0.8676,1.0,1.0,0.6679,11.550209522247314,3.1216766834259033
62,0.36762929366806807,-1,0.00035000775577658313,1.0839704739845406,0.001556719384961209,9.963615805415785,0.014010917332212804,0.014854340230004263,0.8674523305084746,-1,0.9999337923728814,0.3802957763671875,0.0,0.0,1.256155859375,0.8655,1.0,1.0,0.6627,11.350520133972168,2.8635668754577637
63,0.36490686061018607,-1,0.00027075558269427994,1.0266747555490268,0.0009208488893710961,9.94041313559322,0.006130078081357277,0.008474574250690007,0.869190280720339,-1,0.9999668961864406,0.378842333984375,0.0,0.0,1.296555078125,0.8646,1.0,1.0,0.6535,10.63926100730896,2.692845582962036
64,0.36267497175830904,-1,0.000890542768825919,0.9695699659444518,0.0027342863002065886,9.89580781581038,0.02102319668915312,0.023844520924455027,0.869096465029959,-1,0.999900688559322,0.3764934814453125,0.0,0.0,1.140194921875,0.8664,1.0,1.0,0.6677,10.848278284072876,2.7822487354278564
65,0.366083856356346,-1,0.00039819583801899925,1.0820803238173662,0.0014350065740488342,9.997035139698093,0.014198471934108411,0.011302586329185356,0.8678385201147047,-1,0.999950344279661,0.378621484375,0.0,0.0,1.2705638671875,0.8662,1.0,1.0,0.6514,11.617412090301514,2.9853177070617676
66,0.363416510113215,-1,0.001088804612725468,0.9538755255230402,0.002782049825636007,9.917974956965041,0.022624797740225064,0.02155963445113877,0.8709392870886851,-1,0.999900688559322,0.377593359375,0.0,0.0,1.3966166015625,0.8661,1.0,1.0,0.637,10.94824767112732,2.9159934520721436
67,0.36391494233729477,-1,0.00047501441785844707,1.094199487718485,0.0020897832967467227,9.916842185844809,0.01527547533229246,0.014756602756047652,0.8684896048852953,-1,0.9999172404661016,0.3748795166015625,0.0,0.0,1.427895703125,0.8676,1.0,1.0,0.6501,10.787259340286255,3.1791493892669678
68,0.36475123389292574,-1,0.0005887640103445214,1.0426806433726166,0.002163882477808807,9.878236932269598,0.013910040006799212,0.017827207759275276,0.8689585540254238,-1,0.999900688559322,0.378644775390625,0.0,0.0,1.46650205078125,0.8661,1.0,1.0,0.6492,11.21540904045105,2.7631142139434814
69,0.3657502643132614,-1,0.0002442704734660811,1.0649092076188427,0.0014527340309094575,10.0,0.01452734005653252,0.012711866427276093,0.8687599311440678,-1,0.9999337923728814,0.3746254638671875,0.0,0.0,1.54116826171875,0.8673,1.0,1.0,0.6222,11.359353303909302,3.0134758949279785
70,0.35986392780885856,-1,0.001112212947869705,1.086075992907508,0.003064504114247985,9.85497219279661,0.023355538562192756,0.028414843446117336,0.8705916970463122,-1,0.9998841366525424,0.379628515625,0.0,0.0,1.53059228515625,0.8668,1.0,1.0,0.6158,10.992480516433716,2.75304913520813
71,0.36055357981536346,-1,0.0006063256602166062,0.9691874617237156,0.0021716884132158957,9.941713494769598,0.0188375893285719,0.02244492506576797,0.8696923336740268,-1,0.999900688559322,0.3793593505859375,0.0,0.0,1.52833076171875,0.8651,1.0,1.0,0.6172,11.027933835983276,3.0501081943511963
72,0.3592168193752483,-1,0.00035428653581667753,1.023329136735302,0.001969040955527354,9.935650324417374,0.016093975406582074,0.017833438970274843,0.870122683250298,-1,0.9999172404661016,0.375966015625,0.0,0.0,1.683724609375,0.8677,1.0,1.0,0.6113,10.740457534790039,2.8011834621429443
73,0.3560375278278933,-1,0.001611418390678147,0.9418777207196769,0.004016581228223897,9.861700542902541,0.03181545209076445,0.03457106978206311,0.8718661938683462,-1,0.999851032838983,0.3756338134765625,0.0,0.0,1.46905146484375,0.8664,1.0,1.0,0.6204,10.703967332839966,2.7563178539276123
74,0.3598584643865036,-1,0.00034119201413655687,1.1665677862652277,0.001522713798587605,9.973190048993644,0.013833930936910339,0.014228362148090944,0.8696592298604674,-1,0.9999337923728814,0.3718801025390625,0.0,0.0,1.481951953125,0.8678,1.0,1.0,0.6099,10.284362077713013,2.3287129402160645
75,0.35509636442540055,-1,0.0008128517765109822,1.0258523326809124,0.0021945755865614295,9.997099278336865,0.021760401079210186,0.018688610044576354,0.8720427044367386,-1,0.9999172404661016,0.3707425048828125,0.0,0.0,1.6176154296875,0.8688,1.0,1.0,0.6071,9.797175168991089,2.4167420864105225
76,0.3570636813923464,-1,0.00019072125650058358,0.9476688837600966,0.0014352270607220924,9.941322455971928,0.012164800854052528,0.014688744383343196,0.8722854872881356,-1,0.9999337923728814,0.372762548828125,0.0,0.0,1.6049095703125,0.8697,1.0,1.0,0.6059,9.344338417053223,2.44498610496521
77,0.3571967755333852,-1,0.00017704082242513106,1.1132469823804951,0.0008455768732701318,9.981696694584215,0.0075657478833602645,0.007056294356362294,0.871038598529363,-1,0.9999668961864406,0.38041005859375,0.0,0.0,1.71367890625,0.8622,1.0,1.0,0.5853,9.932323932647705,2.3800015449523926
78,0.35684375439660027,-1,0.0002085989404280307,1.0540686785164526,0.00109898235838292,9.998661364539196,0.010928254006272656,0.010553218550601248,0.8714027404785156,-1,0.999950344279661,0.3823883544921875,0.0,0.0,1.801144140625,0.8619,1.0,1.0,0.5637,10.230843305587769,2.4899492263793945
79,0.3570625822422868,-1,0.000764890558133691,1.0496787378343486,0.0021229535341262817,9.962231652211335,0.019347554546291546,0.019635566210342667,0.8711103019067796,-1,0.9999172404661016,0.3663181884765625,0.0,0.0,1.847811328125,0.8708,1.0,1.0,0.5829,9.978295803070068,2.6402297019958496
80,0.35379755699028403,-1,0.0006323194731090028,1.0464844137935314,0.0022379541296069904,9.898189221398304,0.017468486802052645,0.021702045101230426,0.8728813559322034,-1,0.999900688559322,0.367924951171875,0.0,0.0,1.82606640625,0.8696,1.0,1.0,0.5775,9.667611360549927,2.2820308208465576
81,0.35109833539542507,-1,0.0005743222595271418,0.9614393589860302,0.0019820529525562867,9.942084878177965,0.017118219601905953,0.019406656087455103,0.8737089512711864,-1,0.9999172404661016,0.3693929931640625,0.0,0.0,1.9074291015625,0.871,1.0,1.0,0.5703,9.674508571624756,2.50546932220459
82,0.35278255656614144,-1,0.0004715074990260399,1.0067390829829845,0.0014687369940644603,9.954028113413665,0.011580782421564653,0.011245648739701611,0.8722082235045352,-1,0.9999337923728814,0.3690447998046875,0.0,0.0,1.846099609375,0.8707,1.0,1.0,0.5565,9.823724746704102,2.3140146732330322
83,0.3500203278105138,-1,0.00018483704997826432,0.9337723942126258,0.0009580724320169223,9.991988877118644,0.009220175823922885,0.008858928235910706,0.875005495750298,-1,0.999950344279661,0.37056845703125,0.0,0.0,1.854187890625,0.8682,1.0,1.0,0.5738,9.508639574050903,2.3452863693237305
84,0.3515492132154562,-1,0.0004771139662144548,1.019376851744571,0.0016807750877687487,9.894362627449683,0.011632862737623312,0.016949148501380015,0.873096530720339,-1,0.9999337923728814,0.3677508544921875,0.0,0.0,2.006120703125,0.8696,1.0,1.0,0.5558,9.896659135818481,2.347946882247925
85,0.3532791460974742,-1,0.00029404606607000706,1.0601721294855668,0.0016985116368633205,9.976703191207626,0.016029236680370266,0.015406791436470162,0.8728262044615664,-1,0.9999172404661016,0.36804013671875,0.0,0.0,1.97570625,0.8699,1.0,1.0,0.5441,11.119990825653076,2.7846827507019043
86,0.3515402260473219,-1,0.0008500967237908961,1.0306408122434454,0.0022976640927589546,9.910936258606991,0.01748560242733713,0.018305354199167026,0.8733062097581766,-1,0.9999172404661016,0.368012158203125,0.0,0.0,2.11691953125,0.8706,1.0,1.0,0.5522,11.73296332359314,2.735788345336914
87,0.3524502899687169,-1,0.0003079026937484741,1.08084972834183,0.0014866524833743854,9.987682277873411,0.01415544849331096,0.013401561874454305,0.8716730667372882,-1,0.9999337923728814,0.36512236328125,0.0,0.0,2.0677125,0.8702,1.0,1.0,0.5341,10.774877071380615,3.035470962524414
88,0.34825318546618445,-1,0.00044116649334713566,0.9658067347639698,0.0012110621999886077,9.96075956700212,0.009401354749323958,0.011089832095776573,0.872897907838983,-1,0.999950344279661,0.364875439453125,0.0,0.0,2.12008671875,0.8722,1.0,1.0,0.5221,11.373559474945068,2.7671353816986084
89,0.34867309311688954,-1,0.0012036772855257584,0.9302726357670154,0.0027617809631056704,9.932879949020126,0.023727639246795138,0.0246812105178833,0.8741007012836004,-1,0.999900688559322,0.3664720458984375,0.0,0.0,2.11569453125,0.8701,1.0,1.0,0.5465,11.154682397842407,2.853386640548706
90,0.34951992358191536,-1,0.0010314716373459767,0.9839984441207628,0.0033134610976203013,9.78587211996822,0.020519565727751134,0.030635963052006093,0.8736923993644068,-1,0.9998675847457628,0.366505322265625,0.0,0.0,2.1004740234375,0.8695,1.0,1.0,0.529,11.56087064743042,3.1227810382843018
91,0.348708427558511,-1,0.0010130864457558778,0.9838183128227622,0.0026921155089038914,9.894004692465572,0.021178043494790286,0.02381674718048613,0.8737089512711864,-1,0.999900688559322,0.3692105712890625,0.0,0.0,1.9905875,0.868,1.0,1.0,0.5445,11.367472410202026,2.950334310531616
92,0.34770532381736624,-1,0.0009547374132326094,1.010723437293101,0.0025699699329117596,9.925001241393009,0.020287380380145575,0.019783426139314296,0.8737200074276682,-1,0.9999172404661016,0.3643748046875,0.0,0.0,1.9115169921875,0.8737,1.0,1.0,0.5421,11.467818021774292,2.769768714904785
93,0.34681249068955244,-1,0.0009831210314217261,0.9788142705367784,0.002804015147483955,9.917386329780191,0.023045457015603274,0.025314656354613222,0.8750220476570776,-1,0.9998841366525424,0.3666092529296875,0.0,0.0,2.0154384765625,0.8714,1.0,1.0,0.5461,10.757334232330322,2.72788667678833
94,0.34458764932923397,-1,0.00029969461641069184,0.890725669214281,0.0010117243154574248,9.9621778585143,0.00844440268257917,0.010678413560834982,0.8754965572033898,-1,0.999950344279661,0.363060205078125,0.0,0.0,2.019416796875,0.8714,1.0,1.0,0.5395,11.829902648925781,3.066009998321533
95,0.3459253472796941,-1,0.0004949372072341079,0.936267464847888,0.0020472174983913616,9.863401251324152,0.013881510597164347,0.021186436636973234,0.874950344279661,-1,0.9999172404661016,0.3632117919921875,0.0,0.0,2.128709765625,0.8733,1.0,1.0,0.5139,10.799936294555664,2.8239517211914062
96,0.34320511252193125,-1,0.001006049119820029,0.9346401408567266,0.0027014181270437723,9.898916470802437,0.01810707278170828,0.01941723742727506,0.875728283898305,-1,0.999900688559322,0.364543408203125,0.0,0.0,2.0249224609375,0.872,1.0,1.0,0.533,10.764798402786255,2.829779624938965
97,0.3456328440520723,-1,0.0003710847537396318,1.0178781929662672,0.0014437401698807538,9.955624337923728,0.011687966726594052,0.012110963716345319,0.8755076133598716,-1,0.9999337923728814,0.3609888427734375,0.0,0.0,2.1351404296875,0.8737,1.0,1.0,0.5329,10.775040864944458,2.79874849319458
98,0.3448889457573325,-1,0.00018106091578127975,0.8981958809545485,0.0008413469008469985,9.966070660090041,0.006713625738176249,0.008474574250690007,0.8742882680084746,-1,0.9999668961864406,0.35991259765625,0.0,0.0,2.1724513671875,0.8742,1.0,1.0,0.5383,10.752765655517578,2.7989108562469482
99,0.34376306048894334,-1,0.00035478439876588725,0.9686137700484971,0.0010792323845927997,9.950110483977754,0.00710547172417075,0.007961049928503522,0.8759765625,-1,0.9999337923728814,0.36199619140625,0.0,0.0,2.233112890625,0.872,1.0,1.0,0.5269,10.867172479629517,2.9565160274505615
100,0.34587349325923594,-1,0.0005699202292046304,0.9901562060339976,0.0016428449396359718,9.958340919623941,0.014467334343215166,0.014998068243770276,0.8750110561564818,-1,0.9999337923728814,0.3704235107421875,0.0,0.0,2.180525390625,0.8672,1.0,1.0,0.514,11.024130582809448,2.7841403484344482
