#['../main.py', '--dataset=dice', '--epochs=100', '--batch-size=16', '--lr=1e-3', '--save-onnx', '--save-imgs', '--epsilon=0.0156862745', '--oracle-steps=30', '--oracle-restarts=3', '--constraint=NotBoth', '--alpha=0.5', '--seed=4', '--logic=LK']
Epoch,Train-P-Loss,Train-R-Loss,Train-C-Loss,Train-P-Grad,Train-C-Grad,Train-C-Weight,Train-Weighted-C-Grad,Train-Grad-Ratio,Train-P-Metric,Train-C-Acc,Train-C-Sec,Test-P-Loss,Test-R-Loss,Test-C-Loss-self,Test-C-Loss-common,Test-P-Metric,Test-C-Acc,Test-C-Sec-self,Test-C-Sec-common,Train-Time,Test-Time
0,0.0,-1,,-1,-1,-1,-1,-1,0.0,-1,0.0,0.6913393058028876,0.0,0.0,0.0,0.5392157049740062,1.0,1.0,1.0,0.0,1.4115746021270752
1,0.6927763434017405,-1,0.0,0.05012585485682768,0.0,10.0,0.0,0.0,0.5232842950259938,-1,0.9779411764705882,0.6896882898667279,0.0,0.0,0.0,0.5392157049740062,0.9852941176470589,0.9852941176470589,0.5441176470588235,2.200183629989624,1.1870152950286865
2,0.6902065838084501,-1,0.0,0.05568006108788883,0.0,10.0,0.0,0.0,0.5318627637975356,-1,0.7941176470588235,0.6896087796080346,0.0,0.0,0.0,0.5539215873269474,1.0,1.0,0.6911764705882353,2.2880373001098633,1.2689392566680908
3,0.6884423424215877,-1,0.0,0.05511779995525584,0.0,10.0,0.0,0.0,0.5435048271627987,-1,0.8860294117647058,0.6904022366392846,0.0,0.0,0.0,0.5539215873269474,1.0,1.0,0.75,2.2809667587280273,1.256822109222412
4,0.6859879774205825,-1,0.0,0.060646954704733455,0.0,10.0,0.0,0.0,0.5502451167387121,-1,0.9558823529411765,0.6911976384181603,0.0,0.0,0.0,0.5563725864186007,0.9852941176470589,1.0,0.7058823529411765,2.160628318786621,1.2519607543945312
5,0.6849803363575655,-1,0.0,0.06535774819991168,0.0,10.0,0.0,0.0,0.5508578244377585,-1,0.7132352941176471,0.6916589175953585,0.0,0.0,0.0,0.5588235855102539,0.8529411764705882,0.8529411764705882,0.45588235294117646,2.2516419887542725,1.177701473236084
6,0.6874470430261949,-1,0.0,0.07249865812413833,0.0,10.0,0.0,0.0,0.5496323529411765,-1,0.8308823529411765,0.6909515530455346,0.0,0.0,0.0,0.5514706443337833,0.7794117647058824,0.7794117647058824,0.38235294117647056,2.2567367553710938,1.1699340343475342
7,0.6823523465324851,-1,0.0,0.07341797211590935,0.0,10.0,0.0,0.0,0.5477941737455481,-1,0.5992647058823529,0.6883236754174326,0.0,0.0,0.0,0.5490196452421301,0.7058823529411765,0.6911764705882353,0.20588235294117646,2.232868194580078,1.1629829406738281
8,0.6790760825662052,-1,0.0,0.07050428670995376,0.0,10.0,0.0,0.0,0.5514706443337833,-1,0.75,0.6878760094736137,0.0,0.0,0.0,0.573529467863195,0.8970588235294118,0.9117647058823529,0.5,2.2029194831848145,1.211381196975708
9,0.6754232294419232,-1,0.0,0.07689497050117045,0.0,10.0,0.0,0.0,0.5625000560984892,-1,0.7683823529411765,0.6870591406728707,0.0,0.0,0.0,0.5588235855102539,0.7205882352941176,0.7205882352941176,0.23529411764705882,2.141573429107666,1.1632006168365479
10,0.6720242780797622,-1,0.0,0.07752584008609548,0.0,10.0,0.0,0.0,0.5618872923009536,-1,0.5845588235294118,0.6859189949783624,0.0,0.0,0.0,0.5465686461504768,0.6176470588235294,0.6029411764705882,0.08823529411764706,2.203554630279541,1.2709217071533203
11,0.6624866934383616,-1,0.0,0.07781901780296774,0.0,10.0,0.0,0.0,0.584558879627901,-1,0.6544117647058824,0.6815882664100796,0.0,0.0,0.0,0.5661765266867245,0.6470588235294118,0.6470588235294118,0.20588235294117646,2.315786123275757,1.1564586162567139
12,0.6555322198306813,-1,0.0,0.0932620693655575,0.0,10.0,0.0,0.0,0.592524528503418,-1,0.6286764705882353,0.6757516299977022,0.0,0.0,0.0,0.5637255275950712,0.5735294117647058,0.5588235294117647,0.10294117647058823,2.1632142066955566,1.1757521629333496
13,0.6471600252039292,-1,0.0,0.10461289742413689,0.0,10.0,0.0,0.0,0.6170342950259938,-1,0.5955882352941176,0.6682763941147748,0.0,0.0,0.0,0.5955882913926068,0.6029411764705882,0.6176470588235294,0.14705882352941177,2.3294849395751953,1.2656216621398926
14,0.63574358996223,-1,0.0,0.11481773152070887,0.0,10.0,0.0,0.0,0.6262255275950712,-1,0.6397058823529411,0.6661112168255974,0.0,0.0,0.0,0.6004902334774241,0.45588235294117646,0.45588235294117646,0.014705882352941176,2.31191349029541,1.2711756229400635
15,0.6189005795647117,-1,0.0,0.1385198901681339,0.0,10.0,0.0,0.0,0.664828524870031,-1,0.6911764705882353,0.6453105702119715,0.0,0.0,0.0,0.6053921755622415,0.7058823529411765,0.7058823529411765,0.14705882352941177,2.2956132888793945,1.2630250453948975
16,0.603279618655934,-1,0.0,0.1427608938778148,0.0,10.0,0.0,0.0,0.679534351124483,-1,0.6727941176470589,0.6376622517903646,0.0,0.0,0.0,0.6421568814445945,0.6029411764705882,0.6029411764705882,0.014705882352941176,2.2701025009155273,1.2658960819244385
17,0.5706482494578642,-1,0.0,0.15842165666468003,0.0,10.0,0.0,0.0,0.7150735294117647,-1,0.6875,0.6249513065113741,0.0,0.0,0.0,0.6299019420848173,0.6911764705882353,0.6911764705882353,0.07352941176470588,2.324065685272217,1.2565722465515137
18,0.5540399551391602,-1,0.0,0.1771544849171358,0.0,10.0,0.0,0.0,0.7236519420848173,-1,0.7463235294117647,0.6166278614717371,0.0,0.0,0.0,0.6348039402681238,0.7794117647058824,0.7647058823529411,0.07352941176470588,2.3122739791870117,1.2625503540039062
19,0.5344281477086684,-1,0.0,0.19919570754556096,0.0,10.0,0.0,0.0,0.7377451167387121,-1,0.8345588235294118,0.6001487432741651,0.0,0.0,0.0,0.6642157049740062,0.8382352941176471,0.8676470588235294,0.11764705882352941,2.276257038116455,1.2164995670318604
20,0.5148179110358743,-1,0.0,0.18926365235272577,0.0,10.0,0.0,0.0,0.751225471496582,-1,0.8602941176470589,0.5950399286606732,0.0,0.0,0.0,0.6544117647058824,0.8970588235294118,0.8970588235294118,0.1323529411764706,2.3187930583953857,1.2549798488616943
21,0.49447715983671303,-1,0.0,0.20900318201850443,0.0,10.0,0.0,0.0,0.7628676470588235,-1,0.8382352941176471,0.5991643643846699,0.0,0.0,0.0,0.6519608217127183,0.8529411764705882,0.8382352941176471,0.08823529411764706,2.269547462463379,1.151569128036499
22,0.4829737719367532,-1,0.0,0.2351393699645996,0.0,10.0,0.0,0.0,0.7830882352941176,-1,0.8566176470588235,0.5738740434833601,0.0,0.0,0.0,0.671568702248966,0.9264705882352942,0.9117647058823529,0.10294117647058823,2.1206514835357666,1.1601717472076416
23,0.4594503851497875,-1,0.0,0.23356312863967,0.0,10.0,0.0,0.0,0.7935049393597771,-1,0.8970588235294118,0.5687068116431143,0.0,0.0,0.0,0.6666666479671702,0.8970588235294118,0.8529411764705882,0.1323529411764706,2.177497386932373,1.2716057300567627
24,0.4428626228781307,-1,0.0,0.22599213263567755,0.0,10.0,0.0,0.0,0.8002451167387121,-1,0.8823529411764706,0.5764671774471507,0.0,0.0,0.0,0.6887255275950712,0.8529411764705882,0.8529411764705882,0.11764705882352941,2.31933331489563,1.2346858978271484
25,0.4327048413893756,-1,0.0,0.23020351634306066,0.0,10.0,0.0,0.0,0.7996324651381549,-1,0.8897058823529411,0.5599372340183632,0.0,0.0,0.0,0.6887255275950712,0.9117647058823529,0.9117647058823529,0.19117647058823528,2.3103768825531006,1.2616074085235596
26,0.4242855801301844,-1,0.0,0.22896383790408864,0.0,10.0,0.0,0.0,0.820465648875517,-1,0.875,0.5606258242738014,0.0,0.0,0.0,0.698529467863195,0.9117647058823529,0.9117647058823529,0.19117647058823528,2.2567248344421387,1.1575229167938232
27,0.4082016664392808,-1,0.0,0.231537706711713,0.0,10.0,0.0,0.0,0.8125,-1,0.9117647058823529,0.5531907549091414,0.0,0.0,0.0,0.7083333520328298,0.9117647058823529,0.8970588235294118,0.14705882352941177,2.2605273723602295,1.260026216506958
28,0.3963574241189396,-1,0.0,0.2442314484540154,0.0,10.0,0.0,0.0,0.8333332959343406,-1,0.8970588235294118,0.5456812241498161,0.0,0.0,0.0,0.6936274696798885,0.9264705882352942,0.8970588235294118,0.14705882352941177,2.2025721073150635,1.1893460750579834
29,0.38285289091222424,-1,0.0,0.23866521610933192,0.0,10.0,0.0,0.0,0.8400735855102539,-1,0.9301470588235294,0.5519483229693245,0.0,0.0,0.0,0.6960784687715418,0.9264705882352942,0.9264705882352942,0.16176470588235295,2.2206709384918213,1.1677651405334473
30,0.3680430580587948,-1,0.0,0.2808496811810662,0.0,10.0,0.0,0.0,0.8541667601641487,-1,0.9044117647058824,0.5507633732814415,0.0,0.0,0.0,0.6813725303201115,0.8823529411764706,0.8676470588235294,0.08823529411764706,2.185131311416626,1.1898624897003174
31,0.3535890579223633,-1,0.0,0.27147708219640393,0.0,10.0,0.0,0.0,0.8560048832612879,-1,0.9448529411764706,0.5535242043289483,0.0,0.0,0.0,0.6911765266867245,0.9411764705882353,0.9558823529411765,0.08823529411764706,2.2617788314819336,1.2150294780731201
32,0.34708567226634307,-1,0.0,0.2411024149726419,0.0,10.0,0.0,0.0,0.8517157049740062,-1,0.9117647058823529,0.5439378701004327,0.0,0.0,0.0,0.7205882913926068,0.9117647058823529,0.9117647058823529,0.16176470588235295,2.272524356842041,1.2693102359771729
33,0.3390601943520939,-1,0.0,0.26079943600822897,0.0,10.0,0.0,0.0,0.8578431746538948,-1,0.9485294117647058,0.5522873822380515,0.0,0.0,0.0,0.7034314660465016,0.8823529411764706,0.9411764705882353,0.1323529411764706,2.2044756412506104,1.1824569702148438
34,0.31542761185589957,-1,0.0,0.23830237108118393,0.0,10.0,0.0,0.0,0.8792891782872817,-1,0.9338235294117647,0.5484518537334367,0.0,0.0,0.0,0.7083333520328298,0.9558823529411765,0.9411764705882353,0.23529411764705882,2.2019970417022705,1.2686035633087158
35,0.3128661548390108,-1,0.0,0.257754410014433,0.0,10.0,0.0,0.0,0.8786764705882353,-1,0.9301470588235294,0.5710393120260799,0.0,0.0,0.0,0.7181372362024644,0.9117647058823529,0.9117647058823529,0.20588235294117646,2.3158366680145264,1.2706360816955566
36,0.30070630241842833,-1,0.0,0.24405072717105641,0.0,10.0,0.0,0.0,0.876225471496582,-1,0.9448529411764706,0.5441286423627067,0.0,0.0,0.0,0.7083333520328298,0.9558823529411765,0.9264705882352942,0.19117647058823528,2.230137825012207,1.2626640796661377
37,0.2859059221604291,-1,0.0,0.25876982071820426,0.0,10.0,0.0,0.0,0.8915442298440373,-1,0.9595588235294118,0.5316696914972043,0.0,0.0,0.0,0.7377451167387121,0.8970588235294118,0.9264705882352942,0.27941176470588236,2.2204015254974365,1.1979069709777832
38,0.2694498510921703,-1,0.0,0.23199444658616009,0.0,10.0,0.0,0.0,0.9025735294117647,-1,0.9558823529411765,0.5198876624013863,0.0,0.0,0.0,0.7450980579151827,0.9117647058823529,0.9117647058823529,0.14705882352941177,2.271836042404175,1.1844334602355957
39,0.2597038325141458,-1,0.0,0.24373696832095876,0.0,10.0,0.0,0.0,0.9123774135813993,-1,0.9669117647058824,0.5152301788330078,0.0,0.0,0.0,0.7598039402681238,0.9558823529411765,0.9558823529411765,0.22058823529411764,2.186697006225586,1.190629243850708
40,0.25505298726698933,-1,0.0,0.22741289699778838,0.0,10.0,0.0,0.0,0.9031862932093003,-1,0.9522058823529411,0.5246469086291743,0.0,0.0,0.0,0.7524509990916532,0.9411764705882353,0.9264705882352942,0.23529411764705882,2.3204293251037598,1.2640552520751953
41,0.23349899404189167,-1,0.0,0.22351994233972886,0.0,10.0,0.0,0.0,0.9185049393597771,-1,0.9669117647058824,0.5338018454757392,0.0,0.0,0.0,0.7352941176470589,0.9411764705882353,0.9411764705882353,0.23529411764705882,2.2974579334259033,1.1809213161468506
42,0.23177825703340418,-1,0.0,0.2753422120038201,0.0,10.0,0.0,0.0,0.9111518859863281,-1,0.9558823529411765,0.5302666308833104,0.0,0.0,0.0,0.7524509990916532,0.9264705882352942,0.9117647058823529,0.25,2.2747578620910645,1.263942003250122
43,0.2193409835591036,-1,0.0,0.2541392831241383,0.0,10.0,0.0,0.0,0.9197304108563591,-1,0.9558823529411765,0.5592861175537109,0.0,0.0,0.0,0.7450980579151827,0.9852941176470589,1.0,0.2647058823529412,2.3213248252868652,1.2695488929748535
44,0.2051836883320528,-1,0.0,0.24288300906910615,0.0,10.0,0.0,0.0,0.9344362932093003,-1,0.9705882352941176,0.5336719587737438,0.0,0.0,0.0,0.7647058823529411,0.9558823529411765,0.9411764705882353,0.19117647058823528,2.31951904296875,1.2628867626190186
45,0.20171824623556697,-1,0.0,0.24564294254078584,0.0,10.0,0.0,0.0,0.9313725864186007,-1,0.9889705882352942,0.5454063041537416,0.0,0.0,0.0,0.7475490570068359,0.9264705882352942,0.9411764705882353,0.22058823529411764,2.2091386318206787,1.199357271194458
46,0.18580317497253418,-1,0.0,0.2636279498829561,0.0,10.0,0.0,0.0,0.9405637628891889,-1,0.9705882352941176,0.5396274117862477,0.0,0.0,0.0,0.7671568814445945,0.9411764705882353,0.9852941176470589,0.36764705882352944,2.2925350666046143,1.163557767868042
47,0.17508693302378936,-1,0.0,0.23776831346399643,0.0,10.0,0.0,0.0,0.945465648875517,-1,0.9742647058823529,0.5835294910505706,0.0,0.0,0.0,0.7573529411764706,0.9411764705882353,0.9558823529411765,0.29411764705882354,2.2306020259857178,1.2642416954040527
48,0.16468227610868566,-1,0.0,0.2602503439959358,0.0,10.0,0.0,0.0,0.9583332959343406,-1,0.9705882352941176,0.5631121841131472,0.0,0.0,0.0,0.7622549393597771,0.9558823529411765,0.9411764705882353,0.3382352941176471,2.2702949047088623,1.2145330905914307
49,0.1553194382611443,-1,0.0,0.23546998641070196,0.0,10.0,0.0,0.0,0.9601715312284582,-1,0.9852941176470589,0.5639952491311466,0.0,0.0,0.0,0.7549019420848173,0.8970588235294118,0.9117647058823529,0.29411764705882354,2.312932252883911,1.1752879619598389
50,0.1412963726941277,-1,0.0,0.1788021115695729,0.0,10.0,0.0,0.0,0.9656863493077895,-1,0.9889705882352942,0.5766355477127374,0.0,0.0,0.0,0.7622549393597771,0.9264705882352942,0.9411764705882353,0.3088235294117647,2.1886820793151855,1.235386610031128
51,0.13222218962276683,-1,0.0,0.19994121439316692,0.0,10.0,0.0,0.0,0.9681372923009536,-1,0.9816176470588235,0.5818748474121094,0.0,0.0,0.0,0.7622549954582664,0.9411764705882353,0.9264705882352942,0.3088235294117647,2.2137818336486816,1.2196190357208252
52,0.13544705334831686,-1,0.0,0.22841379221747904,0.0,10.0,0.0,0.0,0.9644608217127183,-1,0.9889705882352942,0.6084530026304955,0.0,0.0,0.0,0.7671569375430837,0.9705882352941176,0.9705882352941176,0.2647058823529412,2.1989002227783203,1.269606351852417
53,0.121521276586196,-1,0.0,0.21203545963062959,0.0,10.0,0.0,0.0,0.9712010551901424,-1,0.9963235294117647,0.602966869578642,0.0,0.0,0.0,0.7598039402681238,0.9264705882352942,0.9117647058823529,0.3235294117647059,2.167146921157837,1.2024400234222412
54,0.11035684978260714,-1,0.0,0.18158291367923513,0.0,10.0,0.0,0.0,0.9736518859863281,-1,0.9926470588235294,0.6315667395498238,0.0,0.0,0.0,0.7671568814445945,0.9264705882352942,0.9411764705882353,0.3088235294117647,2.2694499492645264,1.1545546054840088
55,0.10608608582440544,-1,0.0,0.17049075575435862,0.0,10.0,0.0,0.0,0.9773284687715418,-1,0.9926470588235294,0.6142162622189989,0.0,0.0,0.0,0.7573529411764706,0.9411764705882353,0.9411764705882353,0.3235294117647059,2.2458336353302,1.1765146255493164
56,0.09454377258525175,-1,0.0,0.16800658843096564,0.0,10.0,0.0,0.0,0.9816176470588235,-1,0.9963235294117647,0.631563897226371,0.0,0.0,0.0,0.7671569375430837,0.9558823529411765,0.9705882352941176,0.35294117647058826,2.2882275581359863,1.215200424194336
57,0.09629606499391444,-1,0.0,0.20203666126026826,0.0,10.0,0.0,0.0,0.976715648875517,-1,0.9963235294117647,0.6428102231493183,0.0,0.0,0.0,0.7573529411764706,0.9558823529411765,0.9705882352941176,0.27941176470588236,2.1770098209381104,1.2229351997375488
58,0.09143740990582634,-1,0.0,0.20580495105070226,0.0,10.0,0.0,0.0,0.9748775257783777,-1,0.9926470588235294,0.6585613325530407,0.0,0.0,0.0,0.7720588235294118,0.9264705882352942,0.9411764705882353,0.3235294117647059,2.2174625396728516,1.2532293796539307
59,0.07942703892202939,-1,0.0,0.14025374019847198,0.0,10.0,0.0,0.0,0.9871323529411765,-1,0.9889705882352942,0.6638712415508196,0.0,0.0,0.0,0.7647059384514304,0.9117647058823529,0.9264705882352942,0.3088235294117647,2.30505633354187,1.259014368057251
60,0.07514961326823515,-1,0.0,0.17966462584102855,0.0,10.0,0.0,0.0,0.9883577683392692,-1,0.9963235294117647,0.6610947403253293,0.0,0.0,0.0,0.7671568814445945,0.9264705882352942,0.9117647058823529,0.3382352941176471,2.3096988201141357,1.2620248794555664
61,0.06793546676635742,-1,0.0,0.14188783309038946,0.0,10.0,0.0,0.0,0.990196003633387,-1,0.9963235294117647,0.6855417139389935,0.0,0.0,0.0,0.7647058823529411,0.8970588235294118,0.9117647058823529,0.38235294117647056,2.3204519748687744,1.2628850936889648
62,0.0671538885901956,-1,0.0,0.1350989061243394,0.0,10.0,0.0,0.0,0.9883578805362477,-1,0.9889705882352942,0.6695338978486902,0.0,0.0,0.0,0.7769608778112075,0.9117647058823529,0.9705882352941176,0.3088235294117647,2.318000078201294,1.2616922855377197
63,0.059440058820387894,-1,0.0,0.10801321618697222,0.0,10.0,0.0,0.0,0.9926470588235294,-1,0.9963235294117647,0.7066071454216453,0.0,0.0,0.0,0.7647059384514304,0.9852941176470589,0.9264705882352942,0.3088235294117647,2.312363624572754,1.2677056789398193
64,0.05726588824216057,-1,0.0,0.129729242885814,0.0,10.0,0.0,0.0,0.9938724742216223,-1,1.0,0.701146219290939,0.0,0.0,0.0,0.7696078244377585,0.9705882352941176,0.9411764705882353,0.35294117647058826,2.315768003463745,1.2594594955444336
65,0.0523220651289996,-1,0.0,0.11525682842030245,0.0,10.0,0.0,0.0,0.9938724742216223,-1,0.9963235294117647,0.6900257035797718,0.0,0.0,0.0,0.7671568814445945,0.9411764705882353,0.9411764705882353,0.39705882352941174,2.316408157348633,1.257425308227539
66,0.04877669671002556,-1,0.0,0.11545714911292582,0.0,10.0,0.0,0.0,0.9926469466265511,-1,1.0,0.7264452167585784,0.0,0.0,0.0,0.7573529972749597,0.9117647058823529,0.9411764705882353,0.3235294117647059,2.315838098526001,1.257666826248169
67,0.0480766401571386,-1,0.0,0.11519276394563563,0.0,10.0,0.0,0.0,0.9932598787195542,-1,0.9926470588235294,0.7080472310384115,0.0,0.0,0.0,0.7769608217127183,0.9411764705882353,0.9558823529411765,0.3382352941176471,2.3156163692474365,1.262115478515625
68,0.04165434136110194,-1,0.0,0.09945004126604866,0.0,10.0,0.0,0.0,0.9938725864186007,-1,1.0,0.7232753529268152,0.0,0.0,0.0,0.7696078805362477,0.9558823529411765,0.9411764705882353,0.39705882352941174,2.323017120361328,1.263657808303833
69,0.04113746741238762,-1,0.0,0.0954677567762487,0.0,10.0,0.0,0.0,0.9963235294117647,-1,1.0,0.7515774895163143,0.0,0.0,0.0,0.759803996366613,0.9411764705882353,0.9264705882352942,0.35294117647058826,2.315464735031128,1.2613327503204346
70,0.03948544754701502,-1,0.0,0.11623252139371984,0.0,10.0,0.0,0.0,0.9944852941176471,-1,0.9963235294117647,0.7371342976888021,0.0,0.0,0.0,0.772058879627901,0.9411764705882353,0.9558823529411765,0.4411764705882353,2.3139796257019043,1.2631032466888428
71,0.03821841758840224,-1,0.0,0.1046139632954317,0.0,10.0,0.0,0.0,0.9950981140136719,-1,1.0,0.7623781690410539,0.0,0.0,0.0,0.7818627637975356,0.9411764705882353,0.9264705882352942,0.47058823529411764,2.33357572555542,1.1989099979400635
72,0.03489925580866197,-1,0.0,0.09295899727765251,0.0,10.0,0.0,0.0,0.9963235294117647,-1,1.0,0.7498286378149893,0.0,0.0,0.0,0.7769607656142291,0.9558823529411765,0.9411764705882353,0.4264705882352941,2.2139475345611572,1.1926825046539307
73,0.03318732976913452,-1,0.0,0.08845313156352323,0.0,10.0,0.0,0.0,0.9957107095157399,-1,1.0,0.7632349799661076,0.0,0.0,0.0,0.7696078244377585,0.9558823529411765,0.9264705882352942,0.38235294117647056,2.2139782905578613,1.167151927947998
74,0.03172482462490306,-1,0.0,0.08494033532984116,0.0,10.0,0.0,0.0,0.9975490570068359,-1,1.0,0.7884030809589461,0.0,0.0,0.0,0.7598039402681238,0.9411764705882353,0.9411764705882353,0.38235294117647056,2.205035924911499,1.1962814331054688
75,0.03026899870704202,-1,0.0,0.08755530329311595,0.0,10.0,0.0,0.0,0.9975489448098576,-1,1.0,0.7793357699525123,0.0,0.0,0.0,0.772058879627901,0.9411764705882353,0.9411764705882353,0.4117647058823529,2.1178462505340576,1.2363085746765137
76,0.029016822576522827,-1,0.0,0.09886013059055104,0.0,10.0,0.0,0.0,0.9975490570068359,-1,1.0,0.7636808507582721,0.0,0.0,0.0,0.7818628198960248,0.9558823529411765,0.9705882352941176,0.38235294117647056,2.3152942657470703,1.259788990020752
77,0.028525266577215755,-1,0.0,0.07458576735328226,0.0,10.0,0.0,0.0,0.9969363493077895,-1,1.0,0.8125667946011412,0.0,0.0,0.0,0.7794117647058824,0.9264705882352942,0.9705882352941176,0.4852941176470588,2.3187415599823,1.259761095046997
78,0.025791995665606332,-1,0.0,0.0699068027384141,0.0,10.0,0.0,0.0,0.9963235294117647,-1,1.0,0.8183749329810049,0.0,0.0,0.0,0.7647058823529411,0.9558823529411765,1.0,0.47058823529411764,2.3247787952423096,1.2649414539337158
79,0.02411628996624666,-1,0.0,0.07282959012424245,0.0,10.0,0.0,0.0,0.9969362371108111,-1,1.0,0.8027025858561198,0.0,0.0,0.0,0.7843137067906997,0.9264705882352942,0.9411764705882353,0.4852941176470588,2.318852186203003,1.2638256549835205
80,0.02180272340774536,-1,0.0,0.06670975685119629,0.0,10.0,0.0,0.0,0.9987744724049288,-1,1.0,0.8596881043677237,0.0,0.0,0.0,0.7745098787195542,0.9705882352941176,0.9852941176470589,0.4852941176470588,2.324075222015381,1.1579084396362305
81,0.02080614251248977,-1,0.0,0.07038416581995346,0.0,10.0,0.0,0.0,0.9987744724049288,-1,1.0,0.8276117362228095,0.0,0.0,0.0,0.7769607656142291,0.9558823529411765,0.8970588235294118,0.5294117647058824,2.1711134910583496,1.26625657081604
82,0.01960297893075382,-1,0.0,0.0685740218443029,0.0,10.0,0.0,0.0,0.9987745846019072,-1,1.0,0.8395021475997626,0.0,0.0,0.0,0.7769607656142291,0.9411764705882353,0.9411764705882353,0.45588235294117646,2.3312103748321533,1.2657594680786133
83,0.01894579389516045,-1,0.0,0.0673362928278306,0.0,10.0,0.0,0.0,0.9987744724049288,-1,1.0,0.8353374705595129,0.0,0.0,0.0,0.7794117647058824,0.9558823529411765,0.9411764705882353,0.4852941176470588,2.3332669734954834,1.267723560333252
84,0.020028398317449233,-1,0.0,0.06931192734662224,0.0,10.0,0.0,0.0,0.9987744724049288,-1,1.0,0.866574530508004,0.0,0.0,0.0,0.7671568253461052,0.9411764705882353,0.9264705882352942,0.4264705882352941,2.335529327392578,1.2504205703735352
85,0.01738329144085155,-1,0.0,0.05588380028219784,0.0,10.0,0.0,0.0,0.9987745846019072,-1,1.0,0.8763240739410999,0.0,0.0,0.0,0.774509822621065,0.9558823529411765,0.9411764705882353,0.4117647058823529,2.1690847873687744,1.2542905807495117
86,0.016161815208547255,-1,0.0,0.05282774041680729,0.0,10.0,0.0,0.0,0.9987745846019072,-1,1.0,0.8580427730784697,0.0,0.0,0.0,0.7696078244377585,0.9411764705882353,0.9558823529411765,0.4264705882352941,2.222626209259033,1.266589641571045
87,0.017189625431509578,-1,0.0,0.05687976234099444,0.0,10.0,0.0,0.0,0.9987745846019072,-1,1.0,0.8695749769023821,0.0,0.0,0.0,0.7622548832612879,0.9705882352941176,0.9558823529411765,0.4411764705882353,2.2643685340881348,1.268927812576294
88,0.015061138307347018,-1,0.0,0.05676755133797141,0.0,10.0,0.0,0.0,0.9975490570068359,-1,1.0,0.8721453348795573,0.0,0.0,0.0,0.7647058823529411,0.9558823529411765,0.9558823529411765,0.39705882352941174,2.3370361328125,1.2234528064727783
89,0.01444619192796595,-1,0.0,0.05519838543499217,0.0,10.0,0.0,0.0,0.9987744724049288,-1,1.0,0.8818166396197151,0.0,0.0,0.0,0.774509822621065,0.9558823529411765,0.9558823529411765,0.4852941176470588,2.2557315826416016,1.233999252319336
90,0.014053113320294549,-1,0.0,0.05115987272823558,0.0,10.0,0.0,0.0,0.9987745846019072,-1,1.0,0.8889016544117647,0.0,0.0,0.0,0.7671568814445945,0.9852941176470589,0.9558823529411765,0.45588235294117646,2.2665927410125732,1.2181754112243652
91,0.012812305899227367,-1,0.0,0.043874635415918684,0.0,10.0,0.0,0.0,0.9987744724049288,-1,1.0,0.9035697637819776,0.0,0.0,0.0,0.7696078244377585,0.9705882352941176,0.9558823529411765,0.4852941176470588,2.1751341819763184,1.1687970161437988
92,0.013587572995354147,-1,0.0,0.050102612551520855,0.0,10.0,0.0,0.0,0.9987745846019072,-1,1.0,0.9034373713474647,0.0,0.0,0.0,0.7671568814445945,0.9558823529411765,0.9264705882352942,0.4852941176470588,2.153968572616577,1.2050533294677734
93,0.01290327135254355,-1,0.0,0.05148589611053467,0.0,10.0,0.0,0.0,0.9987745846019072,-1,1.0,0.8917334313486137,0.0,0.0,0.0,0.7916666479671702,0.9705882352941176,0.9558823529411765,0.45588235294117646,2.2740345001220703,1.1814405918121338
94,0.011551639612983255,-1,0.0,0.05242233416613411,0.0,10.0,0.0,0.0,0.9987745846019072,-1,1.0,0.9223612617043888,0.0,0.0,0.0,0.7720588235294118,0.9705882352941176,0.9558823529411765,0.47058823529411764,2.3087425231933594,1.255228042602539
95,0.013324627981466405,-1,0.0,0.05357091917711146,0.0,10.0,0.0,0.0,0.9987745846019072,-1,1.0,0.9196433273016238,0.0,0.0,0.0,0.7769608217127183,0.9411764705882353,0.9411764705882353,0.5441176470588235,2.311561346054077,1.2626099586486816
96,0.010834163602660684,-1,0.0,0.038845062255859375,0.0,10.0,0.0,0.0,0.9987745846019072,-1,1.0,0.9082973704618567,0.0,0.0,0.0,0.7794118208043715,0.9411764705882353,0.9411764705882353,0.5441176470588235,2.316554069519043,1.212310552597046
97,0.010919114246087916,-1,0.0,0.04144987989874447,0.0,10.0,0.0,0.0,0.9987745846019072,-1,1.0,0.9366588218539369,0.0,0.0,0.0,0.7794117647058824,0.9705882352941176,0.9558823529411765,0.5441176470588235,2.1142818927764893,1.1907570362091064
98,0.010166610865031971,-1,0.0,0.042851553243749285,0.0,10.0,0.0,0.0,0.9987745846019072,-1,1.0,0.9448651332481235,0.0,0.0,0.0,0.7769607656142291,0.9705882352941176,0.9411764705882353,0.47058823529411764,2.141812801361084,1.2250080108642578
99,0.010057082947562723,-1,0.0,0.04263408394420848,0.0,10.0,0.0,0.0,0.9987745846019072,-1,1.0,0.9296512229769838,0.0,0.0,0.0,0.7769608217127183,0.9705882352941176,0.9411764705882353,0.5147058823529411,2.1567258834838867,1.1776721477508545
100,0.009204843465019675,-1,0.0,0.03936107369030223,0.0,10.0,0.0,0.0,0.9987745846019072,-1,1.0,0.9550631654028799,0.0,0.0,0.0,0.7720588235294118,0.9558823529411765,0.9705882352941176,0.5,2.3079230785369873,1.256601333618164
