#['../main.py', '--dataset=mnist', '--epochs=100', '--batch-size=512', '--lr=1e-3', '--save-onnx', '--save-imgs', '--epsilon=0.1', '--delta=0.7', '--oracle-steps=20', '--oracle-restarts=2', '--constraint=StrongClassificationRobustness', '--alpha=0.5', '--seed=0', '--logic=STL_5']
Epoch,Train-P-Loss,Train-R-Loss,Train-C-Loss,Train-P-Grad,Train-C-Grad,Train-C-Weight,Train-Weighted-C-Grad,Train-Grad-Ratio,Train-P-Metric,Train-C-Acc,Train-C-Sec,Test-P-Loss,Test-R-Loss,Test-C-Loss-self,Test-C-Loss-common,Test-P-Metric,Test-C-Acc,Test-C-Sec-self,Test-C-Sec-common,Train-Time,Test-Time
0,0.0,-1,,-1,-1,-1,-1,-1,0.0,-1,0.0,2.3127064453125,0.787446826171875,0.95583466796875,0.9558369140625,0.1095,0.0,0.0,0.0,0.0,4.0586676597595215
1,1.2752755375231726,-1,-2.5329191563493114,0.7380149970620365,0.3232788473872815,4.959357310149629,0.2156950578851215,0.36543736215365136,0.6353173336740268,-1,0.6617121292372882,0.430885400390625,-13.9475140625,-7.95031953125,-7.95028828125,0.876,1.0,0.9998,0.9998,14.016740083694458,3.805978298187256
2,0.41171749567581434,-1,-9.245307534427965,1.3987742278535487,0.006442056874097404,9.88813083454714,0.05489903789455608,0.03925373998738951,0.8765558792372882,-1,0.9998344809322034,0.3325744384765625,-18.397559375,-10.50639296875,-10.50647578125,0.9025,1.0,0.9998,0.9998,13.84408712387085,3.7986268997192383
3,0.35796634221481066,-1,-10.667876680018539,1.4075198415982522,0.005903442027205128,9.781598624536546,0.03918660697290453,0.033730389708179535,0.8938802298852953,-1,0.9998675847457628,0.308798779296875,-19.9297703125,-11.40222578125,-11.40206328125,0.9087,1.0,0.9998,0.9998,13.388167142868042,3.8334803581237793
4,0.3335684113583322,-1,-11.30174126059322,1.4631917921163269,0.00567594928256536,9.778949284957626,0.03504500550738836,0.02966101492865611,0.8999437235169492,-1,0.9998841366525424,0.283648486328125,-20.7871453125,-11.85083203125,-11.85087265625,0.9144,1.0,0.9999,0.9999,13.090911865234375,3.368021249771118
5,0.31923727261818063,-1,-11.900262347722459,1.4798040874933793,0.0025702283038931376,9.966589976165254,0.022235345032255528,0.011971051410093145,0.9053396451271186,-1,0.999950344279661,0.271102978515625,-21.456834375,-12.205140625,-12.2052125,0.9185,1.0,0.9999,0.9999,12.819090127944946,3.657219409942627
6,0.30325365874726895,-1,-12.075638076006356,1.5126574241508872,0.002520168231705488,9.942149016816737,0.019294366998187568,0.012658081822476144,0.9100789862163996,-1,0.999950344279661,0.2633454345703125,-22.416090625,-12.68616953125,-12.68624296875,0.9214,1.0,0.9999,0.9999,12.769906282424927,3.361619234085083
7,0.2916376146219544,-1,-12.402585821636652,1.5691622717905853,0.0008945190426656755,9.988529528601696,0.007734428522950512,0.004237287630469112,0.9139355804960606,-1,0.9999834480932204,0.2473166259765625,-23.1269609375,-12.8336640625,-12.8335125,0.9295,1.0,1.0,1.0,13.237170934677124,3.410705327987671
8,0.28139718912415584,-1,-12.650662696967691,1.5645586434057204,0.0039631082849987485,9.871048232256356,0.024469995902756513,0.01694915254237288,0.9171632023180946,-1,0.9999337923728814,0.250030224609375,-24.173390625,-13.3117796875,-13.3111953125,0.9278,1.0,1.0,1.0,12.548694133758545,3.595618963241577
9,0.27535884663210075,-1,-13.20326362221928,1.8300791594941737,0.0038619079327179215,9.926222979012183,0.030899460032834846,0.016886398953906562,0.9194529258598716,-1,0.9999337923728814,0.23947470703125,-24.2394296875,-13.376740625,-13.376865625,0.9302,1.0,1.0,1.0,13.010532855987549,3.342398166656494
10,0.26577346607790153,-1,-13.262128409692796,1.7759668382547669,0.0046104980727373545,9.895709538863876,0.034422672401040286,0.021186438657469667,0.9223660614530919,-1,0.9999172404661016,0.2348017578125,-25.5436390625,-14.114515625,-14.1140484375,0.9327,1.0,1.0,1.0,12.486475706100464,3.591186761856079
11,0.25611510519254005,-1,-13.606244620630296,1.7886348659709348,0.0029747602293046854,9.884533898305085,0.0161535578258967,0.012711862386283228,0.923883276470637,-1,0.999950344279661,0.21704072265625,-25.867271875,-14.04256875,-14.0422015625,0.9382,1.0,1.0,1.0,13.108625411987305,3.643488883972168
12,0.24875057349770757,-1,-13.990915072166313,1.9027920739125397,0.0030911337521116614,9.953219138969809,0.025317824493020266,0.01193895077301284,0.9260184724452132,-1,0.999950344279661,0.21660908203125,-26.31416875,-14.1904546875,-14.189871875,0.9353,1.0,1.0,1.0,12.557379007339478,3.4998104572296143
13,0.24225307723223152,-1,-14.067543159096928,1.8428819300764698,0.005031617011054088,9.897887149099576,0.038324008553715073,0.021184430284015204,0.9281812764830508,-1,0.9999172404661016,0.20477667236328126,-27.242915625,-14.7923671875,-14.792675,0.9404,1.0,1.0,1.0,12.78303837776184,3.7153022289276123
14,0.2335677066091764,-1,-14.604734259136652,1.8917981163930084,0.002063664339356503,9.999832411943856,0.02062017634763556,0.008436068639916888,0.9313261387711864,-1,0.9999668961864406,0.2026801513671875,-27.53629375,-14.7596546875,-14.7601265625,0.941,1.0,1.0,1.0,13.474184036254883,3.618323564529419
15,0.22582299830549854,-1,-14.576627052436441,1.7152428061275158,0.005448833360510357,9.838102696305615,0.03346783831968146,0.021186438657469667,0.9331579046734308,-1,0.9999172404661016,0.1998926025390625,-28.30143125,-15.21596875,-15.21691875,0.9426,1.0,1.0,1.0,13.26095199584961,3.5714738368988037
16,0.22146061719474147,-1,-14.828017412605933,1.8315477532855535,0.004715689663159646,9.86759509070445,0.02878188884864419,0.016949151532124666,0.9340351557327529,-1,0.9999337923728814,0.19244945068359376,-29.124671875,-15.6141890625,-15.6150796875,0.9447,1.0,1.0,1.0,12.679670810699463,3.5551650524139404
17,0.21599905369645458,-1,-15.294834977489407,1.900463944774563,0.003060040332503238,9.979287357653602,0.028163816969273454,0.011841198145332982,0.9357068983174986,-1,0.999950344279661,0.18552630615234375,-29.24949375,-15.5959671875,-15.5952953125,0.9465,1.0,1.0,1.0,12.97155475616455,3.500920534133911
18,0.2073916742357157,-1,-15.369436490333687,1.7468353530107918,0.004458110716383336,9.907011387711865,0.031436609009564936,0.015400114706007101,0.9386089777542372,-1,0.9999337923728814,0.17316099853515626,-29.982115625,-15.890190625,-15.8920671875,0.9498,1.0,1.0,1.0,12.688136100769043,3.5842719078063965
19,0.19999290724932137,-1,-15.556200964976165,1.7834644640906383,0.002265159861516144,9.923202256024894,0.012383293297331212,0.008474575260938224,0.941157971398305,-1,0.9999668961864406,0.17520987548828126,-29.9402875,-15.7937484375,-15.79559375,0.947,1.0,1.0,1.0,13.390156745910645,3.465799331665039
20,0.19512532121044093,-1,-15.3421827413268,1.734391422595008,0.004283560029530929,9.897789906647246,0.029591966483552577,0.016949150521876448,0.9418145519191936,-1,0.9999337923728814,0.1658065673828125,-30.075290625,-15.663771875,-15.6624953125,0.9498,1.0,1.0,1.0,13.094143390655518,3.551863431930542
21,0.18953384787349378,-1,-15.761129088320974,1.8455580371921345,0.004654716637174962,9.924958827131885,0.035886554394738146,0.016949150521876448,0.9431827997757216,-1,0.9999337923728814,0.1651212890625,-31.383534375,-16.474678125,-16.4769296875,0.9511,1.0,1.0,1.0,13.096707820892334,3.5041658878326416
22,0.1828717538865946,-1,-15.950135311837924,1.8530965255478682,0.003653302536172382,9.884299068127648,0.01999662892293122,0.012711863396531445,0.9449594142073292,-1,0.999950344279661,0.1517408203125,-31.307446875,-16.2118640625,-16.20920625,0.9556,1.0,1.0,1.0,13.177775144577026,3.547835111618042
23,0.1753173763469114,-1,-15.641133971133474,1.6596965466515492,0.00466976024336734,9.889844991393009,0.03125655449042886,0.0166991282317598,0.9477235826395326,-1,0.9999337923728814,0.14682274169921875,-31.901303125,-16.437765625,-16.435759375,0.9553,1.0,1.0,1.0,13.234365224838257,3.7000436782836914
24,0.17013811661025224,-1,-15.928470934851696,1.7962448637364274,0.0024272951029114804,9.93533894167108,0.015213011685064283,0.008474575260938224,0.9491967023429224,-1,0.9999668961864406,0.14581552734375,-31.7236875,-16.058278125,-16.0595453125,0.9573,1.0,1.0,1.0,12.717767238616943,3.4517593383789062
25,0.16489715899451304,-1,-16.020922644663667,1.7276619086831302,0.0024433686571606137,9.976428015757415,0.021073486845372087,0.008474575260938224,0.951227026470637,-1,0.9999668961864406,0.13612587890625,-32.644534375,-16.5707703125,-16.5731703125,0.959,1.0,1.0,1.0,13.10912036895752,3.6846373081207275
26,0.16032037896625065,-1,-15.841319973185911,1.6749864998510329,0.0019869859945976127,9.957286770060911,0.01471594834731797,0.008474575766062333,0.952153933250298,-1,0.9999668961864406,0.14000322265625,-32.46940625,-16.39156875,-16.3904796875,0.9605,1.0,1.0,1.0,13.188255071640015,3.7402243614196777
27,0.15618856074446338,-1,-15.949277716167902,1.6478570194567663,0.003999719175241761,9.879179356461865,0.02102518081665039,0.012711863396531445,0.9534946376994505,-1,0.999950344279661,0.14336402587890626,-32.7532625,-16.519840625,-16.5225921875,0.9591,1.0,1.0,1.0,13.389780759811401,3.3301165103912354
28,0.15363242262500829,-1,-16.103409072100106,1.6757597842458951,0.004931883286621611,9.861914683196504,0.022362187757330426,0.012711862386283228,0.9542229215977556,-1,0.9999337923728814,0.12560645751953126,-32.831890625,-16.4606,-16.4570609375,0.9624,1.0,1.0,1.0,12.972028732299805,3.3501381874084473
29,0.14544069969047935,-1,-16.147470247947563,1.5864594023106462,0.002342776726868193,9.915684586864407,0.01176932706671246,0.008474575260938224,0.9561208951271186,-1,0.9999668961864406,0.12563565673828125,-33.21565625,-16.498621875,-16.4985828125,0.9612,1.0,1.0,1.0,12.436381816864014,3.4998292922973633
30,0.1452234074220819,-1,-16.15068545583951,1.6302452733961201,0.002418658490908348,9.97343315512447,0.02008527416293904,0.00831501463712272,0.956738811428264,-1,0.9999668961864406,0.1238113525390625,-33.148490625,-16.25776875,-16.2578921875,0.9624,1.0,0.9999,0.9999,13.088593482971191,3.7460789680480957
31,0.13942307940984178,-1,-16.040848036943856,1.3919452731892215,0.0037760267318305324,9.84838349940413,0.014776048013719461,0.012711863396531445,0.9585595211740268,-1,0.999950344279661,0.11464727783203126,-33.4160125,-16.3740609375,-16.37540625,0.9658,1.0,0.9999,0.9999,12.754882574081421,3.4335310459136963
32,0.13838150541661148,-1,-16.30763891187765,1.5930633544921875,0.00235241702047445,9.974891791909428,0.019632472830303643,0.008062879917985303,0.9581788273180946,-1,0.9999668961864406,0.1188939697265625,-33.914715625,-16.700515625,-16.700684375,0.9643,1.0,0.9999,0.9999,12.947619676589966,3.4430954456329346
33,0.1357379040475619,-1,-16.164951130495233,1.619071831137447,0.003658077979491929,9.86248262049788,0.016211445048703987,0.012711863396531445,0.9586202330508474,-1,0.999950344279661,0.12045067138671875,-34.19280625,-16.9131421875,-16.9098125,0.963,1.0,1.0,1.0,12.826889276504517,3.4580955505371094
34,0.13252707659187962,-1,-16.18105199781515,1.5123492741988878,0.0011173301076484938,9.962513034626589,0.006230794777304439,0.004237287377907058,0.960104408910719,-1,0.9999834480932204,0.1105126220703125,-34.04029375,-16.56033125,-16.55891875,0.966,1.0,0.9999,0.9999,12.881256341934204,3.519932508468628
35,0.12831423646312648,-1,-16.098498328257417,1.4102198713916843,0.003684008273027711,9.850486626059322,0.015451714143914691,0.012711862386283228,0.9613623538259732,-1,0.999950344279661,0.10691490478515625,-34.1155875,-16.7613015625,-16.7607125,0.9672,1.0,0.9999,0.9999,13.030613899230957,3.490358591079712
36,0.1267108917236328,-1,-16.2679836467161,1.3979146925069519,0.0013304391907433331,9.94914116293697,0.005319987818346185,0.004237287630469112,0.9614451133598716,-1,0.9999834480932204,0.10632393798828126,-34.0803375,-16.4644703125,-16.4665765625,0.9676,1.0,0.9999,0.9999,12.469963550567627,2.7433159351348877
37,0.12654020826695328,-1,-16.002582097457626,1.3498633433196505,0.0046552460072404244,9.872165485963983,0.02835261013548253,0.016949150521876448,0.961908566749702,-1,0.9999337923728814,0.10330150146484375,-35.0001875,-17.102290625,-17.0997453125,0.9683,1.0,0.9999,0.9999,10.799123287200928,2.8899288177490234
38,0.12456492246207544,-1,-16.436313435182733,1.385904732397047,0.0024543331336166897,9.901445809057204,0.009963733665013717,0.008474575766062333,0.9622009406655522,-1,0.9999668961864406,0.10345802001953125,-34.3724,-16.627684375,-16.6222109375,0.9666,1.0,0.9999,0.9999,10.412161350250244,2.824798583984375
39,0.12232858851804572,-1,-16.171399132680083,1.3065852795617054,0.0010243339179936103,9.980961169226696,0.007942127979407876,0.004237287883031167,0.9627692659022444,-1,0.9999834480932204,0.09977540283203125,-34.295675,-16.64040625,-16.63633125,0.9685,1.0,0.9999,0.9999,11.008769750595093,2.7572638988494873
40,0.1177721185199285,-1,-16.130716614804026,1.2131621797206038,0.003450259818869122,9.914968716896187,0.021817744788476975,0.012664179680711133,0.9646782309322034,-1,0.999950344279661,0.1027771728515625,-34.6525,-16.804121875,-16.797371875,0.9679,1.0,0.9999,0.9999,10.781128168106079,2.703202724456787
41,0.11805337970539675,-1,-16.486568127648304,1.3162575414625264,0.0,10.0,0.0,0.0,0.963911347470041,-1,1.0,0.09787379150390625,-35.12725625,-16.86233125,-16.8602,0.9677,1.0,0.9999,0.9999,10.917749881744385,2.64288592338562
42,0.11743768595032773,-1,-16.18843001026218,1.3383267936059984,0.0037040440207820827,9.868816828323624,0.01798428923396741,0.012711862386283228,0.9637458284022444,-1,0.999950344279661,0.09737826538085938,-35.295175,-17.088190625,-17.0880546875,0.968,1.0,0.9999,0.9999,10.67905306816101,2.6377809047698975
43,0.1150853431830972,-1,-16.36168088751324,1.3349101179737155,0.003501560223304619,9.898418879104874,0.020280377339508573,0.012711862386283228,0.9653182595463122,-1,0.999950344279661,0.10329915771484376,-35.676828125,-17.31434375,-17.3137640625,0.9668,1.0,0.9999,0.9999,10.440034866333008,2.657304048538208
44,0.1153479268995382,-1,-16.73626708984375,1.3800947544938427,0.0014052407468779613,9.952953273967161,0.006251133094399662,0.004237287377907058,0.9650699809446173,-1,0.9999834480932204,0.10243929443359374,-34.786503125,-16.8859875,-16.8856546875,0.9659,1.0,0.9999,0.9999,10.80396032333374,2.8894472122192383
45,0.1129475852190438,-1,-16.22323867021981,1.3015529826536016,0.0024942710237987973,9.890823622881356,0.008702472104864606,0.008474575260938224,0.9661182468220338,-1,0.9999668961864406,0.0989312255859375,-34.877434375,-16.42104375,-16.423021875,0.9707,1.0,0.9999,0.9999,11.032612085342407,3.033759355545044
46,0.1115562309653072,-1,-16.232912225238348,1.2377199075989804,0.003680311017117258,9.832881604210804,0.01247235880059711,0.012711862386283228,0.9658203125,-1,0.999950344279661,0.0932343994140625,-35.243753125,-16.785634375,-16.786890625,0.9708,1.0,0.9998,0.9999,10.515142917633057,2.8554208278656006
47,0.11125346361580542,-1,-16.223633846994172,1.306790497343419,0.003714171001466654,9.86789509401483,0.01781523025642007,0.012711863396531445,0.9664934449276682,-1,0.999950344279661,0.099392529296875,-35.4812375,-16.8511921875,-16.847821875,0.9688,1.0,0.9999,0.9999,10.633577346801758,2.9369847774505615
48,0.11069240408428645,-1,-16.45639503608316,1.2711366556458554,0.0023875857813883635,9.910959017478813,0.010681371567612988,0.008474575766062333,0.9660354872881356,-1,0.9999668961864406,0.09347103881835937,-35.315028125,-16.8741984375,-16.871159375,0.9698,1.0,0.9998,0.9998,10.980520725250244,2.6889572143554688
49,0.1111726033485542,-1,-16.26584431276483,1.3219806218551378,0.002459251274496822,9.911681094412076,0.01163598339436418,0.008474575260938224,0.965963783910719,-1,0.9999668961864406,0.09397948608398438,-35.481796875,-16.9568390625,-16.954734375,0.9699,1.0,0.9999,0.9999,11.156288146972656,2.8752877712249756
50,0.10690621198233911,-1,-16.179118528204448,1.1533646664376986,0.0021820151704852863,9.893821586996822,0.008085846900939941,0.00847457627118644,0.967922404661017,-1,0.9999668961864406,0.0920822509765625,-35.560203125,-16.84703125,-16.8532765625,0.9705,1.0,0.9999,0.9999,11.167578220367432,2.8735475540161133
51,0.10724500882423531,-1,-16.20106635659428,1.2506067308328919,0.003321576168981649,9.925737801244704,0.022355239270097117,0.012711863396531445,0.9672161684197894,-1,0.999950344279661,0.09008128662109376,-35.6958625,-16.942665625,-16.9417875,0.9722,1.0,0.9998,0.9998,10.517245531082153,2.8996846675872803
52,0.10851472919270144,-1,-16.618841656183793,1.247647430937169,0.002390584955781193,9.910826602224576,0.010818812806727522,0.008474575260938224,0.9664989406779662,-1,0.9999668961864406,0.09917047119140625,-35.917115625,-17.1373234375,-17.140965625,0.9681,1.0,0.9998,0.9998,11.179176568984985,2.7340455055236816
53,0.10794141737081236,-1,-16.429104045286017,1.270657684843419,0.0026362391851716123,9.912862486758474,0.012653655925039517,0.008474575260938224,0.9671334088858912,-1,0.9999668961864406,0.09066380615234375,-35.940821875,-17.1220015625,-17.122078125,0.9713,1.0,0.9999,0.9999,10.41935920715332,2.77190899848938
54,0.10537357653601695,-1,-16.62171858448093,1.2703865180581302,0.0026153553340394617,9.884030099642478,0.008203142780368612,0.008474575260938224,0.9673154798604674,-1,0.9999668961864406,0.08450065307617187,-36.163553125,-17.0332203125,-17.034253125,0.9719,1.0,0.9998,0.9998,10.382331371307373,2.712709426879883
55,0.10459583896701619,-1,-16.08026123046875,1.155217445502847,0.002288554179466377,9.909678313691737,0.010483814498125497,0.008474575260938224,0.9681375794491526,-1,0.9999668961864406,0.08454317016601562,-35.862659375,-16.7623546875,-16.7586953125,0.973,1.0,0.9998,0.9998,10.596099376678467,2.78290057182312
56,0.10455930030952065,-1,-16.413425251588983,1.198489043672206,0.004567859536510403,9.816844875529661,0.020602901103132863,0.01694915254237288,0.9681706832627118,-1,0.9999337923728814,0.089556884765625,-36.51585625,-17.323690625,-17.3178765625,0.9699,1.0,0.9998,0.9998,10.855846166610718,2.711198091506958
57,0.10297627368215788,-1,-16.465954796742583,1.1845541485285356,0.0011777708591040918,9.957430564751059,0.005861534910686946,0.004237287883031167,0.9686837923728814,-1,0.9999834480932204,0.08863563232421875,-35.813890625,-16.786046875,-16.7893265625,0.9715,1.0,0.9998,0.9998,10.910008192062378,2.676745891571045
58,0.10103628190897279,-1,-16.380764201536017,1.1788677926790916,0.0033441620357966017,9.850745249602754,0.01351110712956574,0.012711862386283228,0.9692300052966102,-1,0.999950344279661,0.08269218139648438,-36.50616875,-17.1765453125,-17.176396875,0.9726,1.0,0.9998,0.9998,10.773126363754272,2.7664623260498047
59,0.09958846690291065,-1,-16.350720421742583,1.0684385784601762,0.0013770623984983412,9.957045732918433,0.006790757179260254,0.004237287630469112,0.969583091089281,-1,0.9999834480932204,0.08653671875,-36.72194375,-17.0458546875,-17.047390625,0.9724,1.0,0.9998,0.9998,10.42216157913208,2.7377161979675293
60,0.10217269800477109,-1,-16.20022117485434,1.2148109048099842,0.002423011145349276,9.895083669888772,0.009059387748524293,0.008474575260938224,0.9686617447158038,-1,0.9999668961864406,0.08711754760742188,-36.21440625,-16.753684375,-16.7456171875,0.9724,1.0,0.9998,0.9998,10.698971033096313,2.685978412628174
61,0.10009925648317498,-1,-16.18552101264566,1.1149034661761785,0.001369140158265324,9.953040171477754,0.0061045359756986975,0.004237287883031167,0.9688327595338984,-1,0.9999834480932204,0.08520135498046875,-35.96015,-16.5301671875,-16.529128125,0.9736,1.0,0.9997,0.9997,10.369663000106812,2.7157793045043945
62,0.10138129379789708,-1,-16.48503190380032,1.2084438517942266,0.0030651534512891607,9.892212948556674,0.017684011136071157,0.012711864406779662,0.9691472457627118,-1,0.999950344279661,0.08624578857421875,-36.34655625,-16.80839375,-16.81118125,0.9715,1.0,0.9998,0.9998,10.821299314498901,2.7743430137634277
63,0.10164084676968849,-1,-16.23576536016949,1.2427215576171875,0.002332146390009735,9.916445974576272,0.01190620155657752,0.008474575766062333,0.968893471410719,-1,0.999950344279661,0.07917986450195312,-36.49356875,-17.00873125,-17.00566875,0.9745,1.0,0.9998,0.9998,10.640186548233032,2.417178153991699
64,0.09981206312017926,-1,-16.28345036910752,1.1511764526367188,0.002314697382813793,9.88138903601695,0.006945336774244147,0.008474575260938224,0.9692079576395326,-1,0.9999668961864406,0.08063532104492188,-36.238934375,-16.6861546875,-16.6797359375,0.9744,1.0,0.9997,0.9997,9.44408917427063,2.3392748832702637
65,0.10052853115534378,-1,-16.344387248411017,1.219432378219346,0.004531700732344288,9.813016212592691,0.020180964874008955,0.016949150521876448,0.9689762309446173,-1,0.9999337923728814,0.08821400146484375,-36.356821875,-16.899278125,-16.9011875,0.9734,1.0,0.9998,0.9998,9.735938310623169,2.330913543701172
66,0.09708963814428297,-1,-15.98381740764036,1.1220719935530323,0.0009002014994621277,9.9439697265625,0.00305033336251469,0.004237287883031167,0.970454846398305,-1,0.9999834480932204,0.08278716430664063,-36.33416875,-16.715296875,-16.7148453125,0.9735,1.0,0.9997,0.9997,9.419767141342163,2.2238831520080566
67,0.09960240024631306,-1,-16.12729450807733,1.125803931284759,0.003414520520274922,9.861574334613348,0.015401870517407433,0.012711862386283228,0.9695610434322034,-1,0.999950344279661,0.07876996459960937,-36.331825,-16.598725,-16.597590625,0.9747,1.0,0.9997,0.9997,9.501150608062744,2.352468252182007
68,0.09708954116045418,-1,-16.125478970802437,1.1011468919657044,0.00400992975396625,9.802317473847987,0.01661435628341416,0.016949151532124666,0.9703665911141088,-1,0.9999337923728814,0.07923309326171875,-36.294896875,-16.530371875,-16.531453125,0.9759,1.0,0.9997,0.9997,9.9841947555542,2.470916509628296
69,0.0970841100660421,-1,-16.31065860037076,1.0993916139764301,0.0019236772747363074,9.9410400390625,0.012403676065347962,0.008474575260938224,0.9705210540254238,-1,0.9999668961864406,0.08443944091796875,-36.744353125,-16.9499984375,-16.947453125,0.9722,1.0,0.9997,0.9997,9.667579889297485,2.4282009601593018
70,0.09705549175456418,-1,-16.404417910818328,1.1015054735086731,0.002426308595528037,9.893824690479343,0.008904679346892793,0.008474575260938224,0.969527939618644,-1,0.9999668961864406,0.08218536376953126,-36.80765,-16.8180140625,-16.821828125,0.9732,1.0,0.9997,0.9997,9.764504432678223,2.4012625217437744
71,0.09825769521422305,-1,-16.26451809123411,1.238324052196438,0.0034616927979356153,9.895398156117585,0.020441736205149504,0.012711862386283228,0.9696989544367386,-1,0.999950344279661,0.08224842529296875,-36.822865625,-16.870240625,-16.8693125,0.9739,1.0,0.9997,0.9997,9.714590072631836,2.3608453273773193
72,0.09685090436773786,-1,-16.38098972126589,1.091167773230601,0.0026947196762440568,9.897256107653602,0.010520373360585358,0.008474575260938224,0.9708575879113149,-1,0.9999668961864406,0.07883683471679688,-37.013665625,-16.9861546875,-16.9875921875,0.9742,1.0,0.9998,0.9998,9.522034406661987,2.3494865894317627
73,0.0938085782325874,-1,-16.529711707163667,1.0355482586359575,0.0012706860394801124,9.959329896054026,0.006608713481385829,0.004237287883031167,0.9712824417372882,-1,0.9999834480932204,0.07677251586914062,-37.060228125,-16.9172421875,-16.916534375,0.9766,1.0,0.9997,0.9997,9.704437017440796,2.4445838928222656
74,0.0957757335598186,-1,-16.1693115234375,1.11299792790817,0.0022155920327719997,9.905467922404661,0.009780994916366319,0.008474575260938224,0.9709128040378376,-1,0.9999668961864406,0.07930700073242188,-36.929646875,-16.6298125,-16.632153125,0.9751,1.0,0.9997,0.9997,9.647597074508667,2.375291109085083
75,0.09463124356027376,-1,-16.21003542108051,1.1035248061357918,0.002341035564067,9.934791694253178,0.014767179044626527,0.008474575260938224,0.9706314216225834,-1,0.9999668961864406,0.0812630859375,-37.3962625,-17.0087125,-17.004421875,0.9737,1.0,0.9997,0.9997,9.51047134399414,2.4876925945281982
76,0.09520438566046246,-1,-16.171651549258474,1.1664031723798332,0.0035111191919294455,9.88562839314089,0.018953541577872584,0.012711862386283228,0.9701679682327529,-1,0.999950344279661,0.083244140625,-37.70895,-17.3425609375,-17.3417390625,0.9733,1.0,0.9999,0.9999,9.920584440231323,2.4108657836914062
77,0.09614618753982802,-1,-16.525617179224046,1.159571372856528,0.003408309766801737,9.868480617717161,0.01630334328796904,0.012711863396531445,0.970118312512414,-1,0.999950344279661,0.07622645263671875,-38.30564375,-17.6433578125,-17.6483328125,0.9756,1.0,0.9999,0.9999,9.519638538360596,2.4010932445526123
78,0.09312710519564354,-1,-16.551584017478813,1.0290784027616857,0.0,10.0,0.0,0.0,0.9714038008350437,-1,1.0,0.08352874145507813,-36.66046875,-16.408546875,-16.4057265625,0.974,1.0,0.9997,0.9997,9.296308994293213,2.383742332458496
79,0.09305635549254336,-1,-16.14967268604343,1.022371195130429,0.004623886387226946,9.77611477092161,0.01571621127047781,0.016949150521876448,0.9717127913135594,-1,0.9999337923728814,0.07986136474609375,-37.5500625,-17.1240578125,-17.1251078125,0.9738,1.0,0.9997,0.9997,9.343413352966309,2.326859951019287
80,0.09242115990590241,-1,-16.469696562168963,1.0087933944443526,0.0013837006132481461,9.941176592293433,0.004232555122698768,0.004237287630469112,0.9717072955632614,-1,0.9999834480932204,0.0806279541015625,-37.15648125,-16.632559375,-16.6314484375,0.9741,1.0,0.9997,0.9997,9.553712606430054,2.4870922565460205
81,0.09254137944366972,-1,-16.199580822960804,1.0712288032143802,0.002428849369792615,9.903089620299259,0.010661208023459224,0.008474575260938224,0.9712272902666512,-1,0.9999668961864406,0.0788921630859375,-37.3803,-16.7133640625,-16.710040625,0.9745,1.0,0.9997,0.9997,9.486222743988037,2.3693649768829346
82,0.0951155727192507,-1,-16.06830661579714,1.1389850681110965,0.0032942456714177538,9.839070982852224,0.011951777894618147,0.012711863396531445,0.9709348516949152,-1,0.999950344279661,0.07602863159179687,-36.991109375,-16.365475,-16.361325,0.9751,1.0,0.9997,0.9997,9.979086637496948,2.434885025024414
83,0.09270111989166777,-1,-15.915736311573093,0.9872535446942863,0.00234522455829685,9.888492907507946,0.008029481111946752,0.008474575766062333,0.9718066070039394,-1,0.9999668961864406,0.07683245239257812,-36.881740625,-16.156921875,-16.1607234375,0.9757,1.0,0.9997,0.9997,9.628872156143188,2.3783860206604004
84,0.0930423332472979,-1,-15.768970554157839,1.0996798499155853,0.0031080056550139086,9.839754783501059,0.011095661227985963,0.012711862386283228,0.9704713983050848,-1,0.999950344279661,0.07368607177734375,-36.88805,-16.24979375,-16.2530140625,0.9771,1.0,0.9997,0.9997,9.992353200912476,2.397125005722046
85,0.0897487139297744,-1,-15.634381827661546,0.961266792426675,0.0018347196154675242,9.904311357918433,0.00800382888923257,0.008474575766062333,0.9725017870886851,-1,0.9999668961864406,0.07739035034179688,-36.99006875,-16.214915625,-16.21925,0.9759,1.0,0.9997,0.9997,9.822680950164795,2.382397174835205
86,0.08868475283606578,-1,-15.969252764168433,0.9759650796146716,0.004645899695865178,9.786043846001059,0.017117106308371335,0.016949150521876448,0.9719555741649563,-1,0.9999337923728814,0.07641048583984375,-37.6289125,-16.7700453125,-16.76828125,0.9753,1.0,0.9997,0.9997,9.670311450958252,2.1727516651153564
87,0.09038879911778337,-1,-16.038872153072035,1.0047037156961731,0.0020416048118623636,9.919807046146715,0.01075138985100439,0.00847457627118644,0.9719555741649563,-1,0.9999668961864406,0.07839015502929687,-37.467340625,-16.589696875,-16.584165625,0.9754,1.0,0.9998,0.9998,9.219135761260986,2.321462392807007
88,0.0897657750016552,-1,-16.28293725999735,1.0264039766990531,0.002175291210918103,9.932639946371822,0.012714647640616207,0.008474575260938224,0.9718121027542372,-1,0.9999668961864406,0.07202819213867187,-38.086946875,-16.892115625,-16.8933921875,0.9768,1.0,0.9997,0.9997,9.617678165435791,2.4409258365631104
89,0.09002388129800053,-1,-16.195905265161546,1.042073265980866,0.0009820535778999329,9.935556185447563,0.002352599875401642,0.004237287630469112,0.9718341504113149,-1,0.9999834480932204,0.071947607421875,-37.866809375,-16.6800390625,-16.6720828125,0.9771,1.0,0.9997,0.9997,9.617494821548462,2.463632345199585
90,0.08960109646037473,-1,-15.899908550715041,1.0173459457138838,0.0018390979049569469,9.9215087890625,0.009873570021936449,0.008474575260938224,0.9721817404536878,-1,0.9999668961864406,0.07712674560546876,-38.143603125,-16.7859328125,-16.77688125,0.9759,1.0,0.9997,0.9997,9.434107542037964,2.4227938652038574
91,0.0891122817993164,-1,-15.908797959149894,0.9959749124817929,0.0030636353007817674,9.829395358845339,0.010084751298872091,0.012711864406779662,0.9719776218220338,-1,0.999950344279661,0.07331092529296875,-37.657453125,-16.431084375,-16.43035,0.9763,1.0,0.9997,0.9997,9.897623062133789,2.4249651432037354
92,0.09120786796181889,-1,-16.054660603151483,1.0527835134732522,0.005270749835644738,9.806631314552437,0.02743357520992473,0.021186438657469667,0.9717403993768207,-1,0.9999172404661016,0.075371630859375,-39.08189375,-17.6439609375,-17.64583125,0.9757,1.0,0.9998,0.9998,9.645421266555786,2.334933042526245
93,0.08842765678793697,-1,-16.94705665717691,1.0245159601761122,0.002422507789175389,9.88092868610964,0.006650703438257767,0.008474575766062333,0.972755561440678,-1,0.9999668961864406,0.07362600708007813,-38.65775,-17.1692125,-17.1668953125,0.9766,1.0,0.9999,0.9999,9.23276138305664,2.315075159072876
94,0.08979482165837692,-1,-16.359131893869172,1.1025289761818062,0.002185701818789466,9.89129121424788,0.008055356599516788,0.008474575766062333,0.9722424523305084,-1,0.9999668961864406,0.07480380859375,-37.97948125,-16.5628125,-16.5670390625,0.9752,1.0,0.9997,0.9997,9.835131406784058,2.3634231090545654
95,0.08820205623820676,-1,-16.401548223980402,1.0118450876009666,0.0033339969182418563,9.846409684520657,0.012661017603793387,0.012711863396531445,0.9721155328265692,-1,0.999950344279661,0.07221895141601563,-38.646040625,-17.0947203125,-17.093478125,0.9758,1.0,0.9997,0.9997,9.675474405288696,2.421782970428467
96,0.08688276096925897,-1,-16.27433957891949,0.9781411381091102,0.0018701856419191523,9.894622285487289,0.00703890444868702,0.008474575260938224,0.972407971398305,-1,0.9999668961864406,0.07421135864257812,-38.965171875,-16.9774265625,-16.9745015625,0.9765,1.0,0.9998,0.9998,9.832457304000854,2.3939101696014404
97,0.08680094702769134,-1,-16.479388738082626,1.0370220248982058,0.0025066218133700095,9.884409759004237,0.007967610985545789,0.008474575260938224,0.972711401470637,-1,0.9999668961864406,0.07040745849609376,-38.022025,-16.4785109375,-16.4770046875,0.9778,1.0,0.9998,0.9997,9.800096035003662,2.3755602836608887
98,0.08550706960387149,-1,-16.138717392743644,0.8786842863438493,0.0020591669668585566,9.886184951006356,0.006765110512911263,0.00847457627118644,0.974217624987586,-1,0.9999668961864406,0.07563470458984375,-38.484684375,-16.6380296875,-16.64255625,0.9759,1.0,0.9997,0.9997,9.463768243789673,2.3554556369781494
99,0.08660771483081882,-1,-15.896366442664196,0.9784979739431607,0.0020318603364087766,9.893360202595339,0.007493027691113747,0.008474575260938224,0.9730534957627118,-1,0.9999668961864406,0.07369818725585937,-38.473190625,-16.381046875,-16.3831796875,0.9761,1.0,0.9997,0.9997,9.314724922180176,2.409728765487671
100,0.08617721169681872,-1,-15.85999052403337,0.9709910376597259,0.002348602323208825,9.902738926774365,0.009916691456810903,0.008474575260938224,0.9737210677841962,-1,0.9999668961864406,0.0714993408203125,-38.34243125,-16.2838859375,-16.2853453125,0.9764,1.0,0.9997,0.9997,9.800870895385742,2.4530463218688965
