#['../main.py', '--dataset=dice', '--epochs=100', '--batch-size=16', '--lr=1e-3', '--save-onnx', '--save-imgs', '--epsilon=0.0156862745', '--oracle-steps=30', '--oracle-restarts=3', '--constraint=NotBoth', '--alpha=0.5', '--seed=1', '--logic=STL_10']
Epoch,Train-P-Loss,Train-R-Loss,Train-C-Loss,Train-P-Grad,Train-C-Grad,Train-C-Weight,Train-Weighted-C-Grad,Train-Grad-Ratio,Train-P-Metric,Train-C-Acc,Train-C-Sec,Test-P-Loss,Test-R-Loss,Test-C-Loss-self,Test-C-Loss-common,Test-P-Metric,Test-C-Acc,Test-C-Sec-self,Test-C-Sec-common,Train-Time,Test-Time
0,0.0,-1,,-1,-1,-1,-1,-1,0.0,-1,0.0,0.6973996629901961,-0.03517325836069444,0.04728462766198551,0.03735124013003181,0.4901961158303654,1.0,0.0,0.11764705882352941,0.0,3.0669960975646973
1,0.6952565698062673,-1,-0.035744547843933105,0.0548358489485348,0.9264310948988971,0.030098175301271325,0.0274179244742674,0.4999998878030216,0.5055147619808421,-1,0.7647058823529411,0.6976172503303079,-0.1434011038611917,-0.08275487843681784,-0.10497121249928194,0.4901961158303654,1.0,1.0,1.0,6.43698263168335,2.7859771251678467
2,0.6940383911132812,-1,-0.0974510347141939,0.055848293444689584,0.7948073218850529,0.0358243935248431,0.027924146722344792,0.4999998878030216,0.5067402334774241,-1,1.0,0.6982096503762638,-0.16879120995016658,-0.11262272385989919,-0.1443157897276037,0.4926471149220186,1.0,1.0,1.0,6.712269067764282,2.835425615310669
3,0.6926045137293199,-1,-0.10883116020875819,0.050206689273609835,0.7878247990327722,0.03195771750281839,0.025103344636804917,0.4999999439015108,0.5073529972749597,-1,1.0,0.6971330081715303,-0.16955755738651052,-0.11615403259501737,-0.15419721603393555,0.49264705882352944,1.0,1.0,1.0,6.825884819030762,2.7849299907684326
4,0.6919432247386259,-1,-0.13118070714613972,0.05989937922533821,0.7899166555965648,0.03778309331220739,0.029949689612669105,0.4999999439015108,0.5177697013406193,-1,1.0,0.7005256204044118,-0.20167803764343262,-0.1309984151054831,-0.167922763263478,0.4950980579151827,1.0,1.0,1.0,6.58172869682312,2.7978649139404297
5,0.6909129198859719,-1,-0.14482902078067555,0.07198343557469986,0.9279154048246496,0.03932706748738008,0.035991714281194354,0.4999999439015108,0.5245098787195542,-1,1.0,0.7032917247099035,-0.2133796495549819,-0.1666893117568072,-0.20416885263779583,0.49754900090834675,1.0,1.0,1.0,6.499685525894165,2.7127926349639893
6,0.6885695737950942,-1,-0.1599859630360323,0.08071814565097585,0.8221771015840418,0.04978198163649615,0.040359072825487924,0.4999999439015108,0.541053996366613,-1,1.0,0.7013516893573836,-0.23215926394743078,-0.1683204594780417,-0.20815421553219066,0.5171568814445945,1.0,1.0,1.0,6.520138502120972,2.784453868865967
7,0.6875763500438017,-1,-0.18865503984339096,0.0757758757647346,0.780365831711713,0.04858931022531846,0.0378879378823673,0.4999999439015108,0.5398284687715418,-1,1.0,0.7023839015586704,-0.26716308032765107,-0.20235783913556268,-0.23180486174190745,0.5269608217127183,1.0,1.0,1.0,6.412268161773682,2.7089977264404297
8,0.6848587709314683,-1,-0.23516565210678997,0.100356564802282,0.8825922573313993,0.0589135815115536,0.050178282401141,0.4999999439015108,0.5428921194637523,-1,1.0,0.7047470691157323,-0.34891683915082145,-0.2695039019865148,-0.2828943308661966,0.5049019981833065,1.0,1.0,1.0,6.5469934940338135,2.777212619781494
9,0.6801413928761202,-1,-0.2910483304192038,0.10841377342448515,0.9758997524485868,0.05670738220214844,0.05420688671224257,0.4999999439015108,0.5600490570068359,-1,1.0,0.7049717622644761,-0.41119659648222084,-0.31152960833381205,-0.3234916855307186,0.5122549393597771,1.0,1.0,1.0,6.546881437301636,2.8396198749542236
10,0.6816641863654641,-1,-0.34182604621438417,0.1202087262097527,1.0539159213795382,0.05803192713681389,0.06010436310487635,0.4999999439015108,0.5618872923009536,-1,1.0,0.7101332720588235,-0.4178761313943302,-0.3120245092055377,-0.32332613888908834,0.5147059384514304,1.0,1.0,1.0,6.494912385940552,2.8205533027648926
11,0.6758674172794118,-1,-0.3274243298698874,0.13017638991860783,1.0404061710133272,0.06405429279102999,0.06508819495930392,0.4999999439015108,0.5655636506922105,-1,1.0,0.7064713870777803,-0.43062420452342315,-0.32260757334092083,-0.3422823232762954,0.524509822621065,1.0,1.0,1.0,6.4920995235443115,2.8004202842712402
12,0.6755030575920554,-1,-0.37862079283770395,0.14728379249572754,1.2421565336339615,0.059806388967177444,0.07364189624786377,0.4999999439015108,0.5674019981833065,-1,1.0,0.7052981806736366,-0.49399420794318705,-0.3414849393508014,-0.3634629249572754,0.5392157049740062,1.0,1.0,1.0,6.3406078815460205,2.677678346633911
13,0.6680112165563247,-1,-0.33969837076523723,0.13353534305796905,1.1401968563304228,0.0584337220472448,0.06676767152898452,0.5,0.569240177378935,-1,1.0,0.7048084034639246,-0.4726734722361845,-0.320987533120548,-0.34033994113697724,0.5318628198960248,1.0,1.0,1.0,6.23686146736145,2.787350654602051
14,0.6589913087732652,-1,-0.3327035342945772,0.14415989202611587,1.3368799546185661,0.054989944486057055,0.07207994601305794,0.4999999439015108,0.5906862932093003,-1,1.0,0.6953556584376915,-0.4828160229851218,-0.31955278621000405,-0.33577590830185833,0.524509822621065,1.0,1.0,1.0,6.355891704559326,2.8759679794311523
15,0.6543814154232249,-1,-0.33208154229556813,0.1401366626515108,1.2553420347325943,0.05580545523587395,0.0700683313257554,0.4999999439015108,0.5955882352941176,-1,1.0,0.695823071049709,-0.5325909782858456,-0.32284728218527403,-0.33774451648487763,0.5392157049740062,1.0,1.0,1.0,6.506412744522095,2.71067476272583
16,0.6461795358096852,-1,-0.328487284043256,0.14449761895572438,1.2713066549862133,0.05696076855939977,0.07224880947786219,0.4999999439015108,0.5992647058823529,-1,1.0,0.684619753968482,-0.5272884929881376,-0.3409299850463867,-0.35503659528844494,0.5686274696798885,1.0,1.0,1.0,6.440766334533691,2.787886381149292
17,0.6397773518281824,-1,-0.35083821240593405,0.19017992300145767,1.4215463750502642,0.06715794170604032,0.09508996150072883,0.4999999439015108,0.6096814099480125,-1,1.0,0.6895249310661765,-0.589808744542739,-0.35400954414816466,-0.36565735760857077,0.5637255275950712,1.0,1.0,1.0,6.576640605926514,2.8830766677856445
18,0.6226564856136546,-1,-0.3562515202690573,0.1693404422086828,1.516545800601735,0.05633755641825059,0.0846702211043414,0.4999999439015108,0.6433823529411765,-1,1.0,0.6725712196499694,-0.5781788545496324,-0.3526034355163574,-0.35663287779864145,0.5931372923009536,1.0,1.0,1.0,6.004803895950317,2.6474552154541016
19,0.6124574997845817,-1,-0.34746742248535156,0.18316048734328327,1.6624437219956343,0.05569929936352898,0.09158024367164164,0.4999999439015108,0.6568627637975356,-1,1.0,0.6627243640376073,-0.5683628531063304,-0.3383948662701775,-0.3154011894674862,0.6102941737455481,1.0,1.0,1.0,6.003190040588379,2.6278812885284424
20,0.5991026934455422,-1,-0.3525862974279067,0.20776800548329072,1.8075597426470589,0.05862595754511216,0.10388400274164536,0.5,0.6697304108563591,-1,0.9926470588235294,0.6901744767731312,-0.666407585144043,-0.3809501143062816,-0.37229134054744945,0.561274528503418,1.0,1.0,1.0,5.995664596557617,2.584622859954834
21,0.5869766684139476,-1,-0.35961493323830995,0.22661896312938018,1.967907849480124,0.05731842798345229,0.11330948156469009,0.4999999439015108,0.6740195891436409,-1,0.9963235294117647,0.6576308456121707,-0.6269758448881262,-0.35478760214412913,-0.3316551376791561,0.6299019981833065,1.0,1.0,1.0,6.137603521347046,2.592878818511963
22,0.5735231848324046,-1,-0.34228796117446003,0.20862669103285847,1.989827324362362,0.05269601765800925,0.10431334551642923,0.4999999439015108,0.6825979457182043,-1,0.9926470588235294,0.6525371775907629,-0.6409121681662167,-0.31685775869032917,-0.28670818665448355,0.6372549393597771,1.0,1.0,1.0,6.171185255050659,2.839972496032715
23,0.5573145922492532,-1,-0.3186526579015395,0.23628599503461054,2.042317334343405,0.058716307668124926,0.11814299751730527,0.5,0.6997548271627987,-1,0.9852941176470589,0.6575998792461321,-0.6743832195506376,-0.34304430905510397,-0.3489094621994916,0.6323529411764706,1.0,1.0,1.0,6.642700433731079,2.610048770904541
24,0.5395939770866843,-1,-0.3483315075145048,0.2684486613554113,2.19572291654699,0.06180360036737779,0.13422433067770564,0.5,0.7071077683392692,-1,0.9779411764705882,0.6543370415182674,-0.767364782445571,-0.35668190787820253,-0.34901871400720935,0.6446079366347369,1.0,1.0,1.0,6.023667573928833,2.6354916095733643
25,0.5217688504387351,-1,-0.35563331491806927,0.28384632222792683,2.4079670625574447,0.05897384531357709,0.14192316111396341,0.5,0.7346814099480125,-1,0.9889705882352942,0.6574389887791053,-0.8167550704058479,-0.3670743773965275,-0.3700404728160185,0.6372549393597771,1.0,1.0,1.0,6.071860313415527,2.6360607147216797
26,0.5039503434125114,-1,-0.3421503235312069,0.28738779180190144,2.6609272676355697,0.054510032429414636,0.14369388187632842,0.5,0.7561274696798885,-1,0.9852941176470589,0.6571188534007353,-0.846187479355756,-0.3413778753841625,-0.33419109793270335,0.6519607656142291,1.0,0.9705882352941176,1.0,6.007033348083496,2.617624521255493
27,0.484376682954676,-1,-0.3206961014691521,0.3008734198177562,2.8046147963579964,0.05411168406991398,0.1504367099088781,0.5,0.7775734733132755,-1,0.9852941176470589,0.6423653995289522,-0.9026205960442039,-0.30423930112053366,-0.286868880776798,0.6764706443337833,1.0,1.0,1.0,6.127354621887207,2.9413866996765137
28,0.47178251603070426,-1,-0.3581252939560834,0.3542525908526252,3.180510128245634,0.05620909438413732,0.1771262954263126,0.5,0.7990195891436409,-1,0.9852941176470589,0.6472862842036229,-0.911264980540556,-0.3342839689815746,-0.33767248602474437,0.6593137067906997,1.0,1.0,1.0,6.594225645065308,2.9562535285949707
29,0.4527766564313103,-1,-0.3431280080009909,0.34325608085183534,3.151084675508387,0.05417103276533239,0.17162804042591767,0.5,0.8051470588235294,-1,0.9926470588235294,0.6491773268755745,-0.949128319235409,-0.3574095052831313,-0.343322613660027,0.6715686461504768,1.0,0.9852941176470589,0.9852941176470589,6.306550979614258,2.6582839488983154
30,0.42795781528248505,-1,-0.3314157934749828,0.29838012246524587,3.294488121481503,0.046242664842044603,0.14919006123262293,0.5,0.8186274135813993,-1,0.9816176470588235,0.6549314611098346,-0.9980853585635915,-0.31884109272676353,-0.33754584368537455,0.649509822621065,1.0,0.9852941176470589,1.0,6.434244155883789,2.7715046405792236
31,0.4155431635239545,-1,-0.3548423542695887,0.3765452889835133,3.55658519969267,0.05354440913480871,0.18827264449175665,0.5,0.8235293556662167,-1,0.9816176470588235,0.6408128925398284,-1.071435479556813,-0.36597106036017923,-0.3656420146717745,0.6764705882352942,1.0,1.0,1.0,6.698715448379517,2.8746495246887207
32,0.3962331940146053,-1,-0.3881658946766573,0.34606190288768096,3.790164723115809,0.046313948491040396,0.17303095144384048,0.5,0.8357842389275046,-1,0.9926470588235294,0.6315067515653723,-1.0610648884492762,-0.31005174973431754,-0.3159600987153895,0.6691177031573128,1.0,1.0,1.0,6.299565553665161,2.635932683944702
33,0.37720029494341684,-1,-0.33819397758035097,0.29955704071942496,3.7884920905618107,0.03988424118827371,0.14977852035971248,0.5,0.8486521103802849,-1,0.9852941176470589,0.6417054569019991,-1.028916415046243,-0.3241390620960909,-0.3190172419828527,0.6740196452421301,1.0,1.0,1.0,6.002101182937622,2.6703126430511475
34,0.3565500203300925,-1,-0.34297550425809975,0.3247777994941263,3.9694321576286766,0.040943054591908175,0.16238889974706314,0.5,0.8547793556662167,-1,0.9705882352941176,0.6774274040670956,-1.1292703291949104,-0.34592502257403207,-0.32883509467629823,0.6642157049740062,1.0,1.0,0.9852941176470589,6.035140037536621,2.6300981044769287
35,0.3429035018472111,-1,-0.3405474213992848,0.3447461689219755,4.380182602826287,0.040337159353144025,0.17237307043636546,0.5,0.8651960597318762,-1,0.9816176470588235,0.6415172651702282,-1.0825299655689913,-0.3237019707174862,-0.3312595872318043,0.6789215873269474,1.0,0.9852941176470589,1.0,7.0221943855285645,2.878278970718384
36,0.3327583144692814,-1,-0.3588363703559427,0.36449496886309457,4.461920345530791,0.041718216503367704,0.18224748443154729,0.5,0.8700980579151827,-1,0.9779411764705882,0.6472886029411765,-1.2259466507855583,-0.33757566003238454,-0.3321031682631549,0.688725471496582,1.0,0.9852941176470589,0.9852941176470589,6.541926860809326,2.844287872314453
37,0.3178883159861845,-1,-0.36079176734475527,0.35355231341193705,4.598443424000459,0.0385326532756581,0.17677615670596852,0.5,0.8713235855102539,-1,0.9705882352941176,0.664885352639591,-1.2431159299962662,-0.35487991220810833,-0.3517596020418055,0.6764705882352942,1.0,1.0,1.0,6.243014335632324,2.816399097442627
38,0.3023869851056267,-1,-0.3891904213849236,0.3706388473510742,4.783482719870174,0.038460265187656176,0.1853194236755371,0.5,0.8823529972749597,-1,0.9816176470588235,0.6406045053519455,-1.2032396653119255,-0.3453681609209846,-0.3222472527447869,0.6838235855102539,1.0,0.9852941176470589,1.0,6.4076268672943115,2.6163535118103027
39,0.28421589907477884,-1,-0.356631082646987,0.37573637681848865,4.761111091164982,0.039742020999684054,0.18786818840924432,0.5,0.8884803547578699,-1,0.9705882352941176,0.6860703113032323,-1.350936216466567,-0.365878329557531,-0.3545221160439884,0.6642157049740062,1.0,1.0,1.0,6.030038356781006,2.6486735343933105
40,0.2722780844744514,-1,-0.41782132317038145,0.35185373530668373,4.908978181726792,0.03684656760271858,0.17592686765334187,0.5,0.8939951167387121,-1,0.9926470588235294,0.6520803862927007,-1.3620908400591683,-0.34269122516407685,-0.3206025291891659,0.7009804108563591,1.0,0.9705882352941176,0.9705882352941176,6.016890048980713,2.657789945602417
41,0.2498045248143813,-1,-0.41780603633207436,0.33196309033562155,5.140728221220129,0.032348355826209575,0.16598154516781077,0.5,0.9080882352941176,-1,0.9705882352941176,0.6940588109633502,-1.4224923077751608,-0.3379535675048828,-0.3437395376317641,0.6911764705882353,1.0,0.9264705882352942,0.9264705882352942,6.0274083614349365,2.7769734859466553
42,0.24178092619952032,-1,-0.3782133214613971,0.3378371070413029,5.401557024787454,0.03140875872443704,0.16891855352065144,0.5,0.9166667601641487,-1,0.9669117647058824,0.6791280110677084,-1.4418075785917395,-0.3157958984375,-0.28752744899076577,0.6960784687715418,1.0,0.9705882352941176,0.9264705882352942,6.447907209396362,2.8374857902526855
43,0.23341981102438533,-1,-0.36499640520881205,0.34668849496280446,5.399693208582261,0.0319976385901956,0.17334424748140223,0.5,0.9185049393597771,-1,0.9669117647058824,0.7013160855162377,-1.5057270947624655,-0.33251624948838177,-0.33700160419239716,0.7009804108563591,1.0,0.9558823529411765,0.9705882352941176,7.168346881866455,2.9164040088653564
44,0.21312506058636835,-1,-0.41602162753834443,0.2981986438526827,5.635515549603631,0.02707317822119769,0.14909932192634134,0.5,0.9319852941176471,-1,0.9742647058823529,0.6681485643573836,-1.4906690260943245,-0.3251009267919204,-0.32509363398832436,0.710784351124483,1.0,0.9558823529411765,0.9411764705882353,6.060863971710205,2.6232426166534424
45,0.20395835708169377,-1,-0.44241030075970816,0.3579973052529728,5.855684616986443,0.03100915516124052,0.1789986526264864,0.5,0.9289215312284582,-1,0.9705882352941176,0.6876009772805607,-1.5605781779569738,-0.35288339502671184,-0.34494848812327666,0.710784351124483,1.0,0.9558823529411765,0.9411764705882353,5.996277570724487,2.6204357147216797
46,0.19904132450328155,-1,-0.40712659499224496,0.35711465162389416,5.75334706025965,0.031087724601521212,0.17855732581194708,0.5,0.9332107095157399,-1,0.9852941176470589,0.6140413471296722,-1.5402710858513327,-0.3605493657729205,-0.33322059406953697,0.7401960597318762,1.0,0.9264705882352942,0.9411764705882353,6.04022741317749,2.6668248176574707
47,0.18645805471083698,-1,-0.46485387577730064,0.31703441283282113,6.02644931568819,0.026735777364057654,0.15851720641641057,0.5,0.9417891782872817,-1,0.9705882352941176,0.6647130180807674,-1.6253904454848345,-0.33473704842960134,-0.3545227331273696,0.7303922316607308,0.9852941176470589,0.9411764705882353,0.9411764705882353,6.540808439254761,2.9117770195007324
48,0.169965337304508,-1,-0.42432249293607827,0.28995180130004883,5.994465098661535,0.024706011309343225,0.14497590065002441,0.5,0.9479167040656594,-1,0.9816176470588235,0.7113500856885723,-1.728165682624368,-0.3578929059645709,-0.34203896803014416,0.7205882913926068,0.9852941176470589,0.9264705882352942,0.9411764705882353,6.419257879257202,2.8345909118652344
49,0.15489670809577494,-1,-0.4318975841297823,0.3059832629035501,6.153136309455423,0.025121922002119178,0.15299163145177505,0.5,0.953431297751034,-1,0.9705882352941176,0.6752913231943168,-1.7314156924977022,-0.3481472520267262,-0.3549218738780302,0.7426470588235294,0.9852941176470589,0.9264705882352942,0.9411764705882353,6.376222610473633,2.7538704872131348
50,0.15250248067519245,-1,-0.4789181877585018,0.3295030874364516,6.310165854061351,0.02627897437881021,0.1647515437182258,0.5,0.9515930624569163,-1,0.9779411764705882,0.682128532260072,-1.677386900957893,-0.39443136663997874,-0.3957108048831715,0.7303921755622415,0.9852941176470589,0.9558823529411765,0.9558823529411765,6.641732454299927,2.8572380542755127
51,0.14353707257439108,-1,-0.4823144463931813,0.3068634762483485,6.5573874080882355,0.024007888401255888,0.15343173812417424,0.5,0.9626224742216223,-1,0.9852941176470589,0.692716261919807,-1.9306160421932446,-0.45762112561394186,-0.4489122839534984,0.7524509990916532,0.9852941176470589,0.9705882352941176,0.9411764705882353,6.174273490905762,2.8900370597839355
52,0.13835741491878734,-1,-0.48664457657757926,0.27907618354348573,6.628452525419347,0.021604460828444538,0.13953809177174287,0.5,0.9620098787195542,-1,0.9852941176470589,0.7064608405618107,-1.9089032341452206,-0.4103294540854061,-0.4021762399112477,0.7500000560984892,0.9852941176470589,0.9705882352941176,0.9558823529411765,7.114504098892212,3.385620594024658
53,0.12859169174643123,-1,-0.5130552965051988,0.2514052391052246,6.8747859281652115,0.018543040051179772,0.1257026195526123,0.5,0.9681372923009536,-1,0.9705882352941176,0.6852087881050858,-1.7985555985394646,-0.3715859020457548,-0.36704060610602884,0.7598039402681238,0.9852941176470589,0.9264705882352942,0.9411764705882353,7.094663143157959,2.6787567138671875
54,0.11803704149582807,-1,-0.48335641973158894,0.25805125517003674,7.0566410737879135,0.01833452722605537,0.12902562758501837,0.5,0.9705882352941176,-1,0.9742647058823529,0.690399917901731,-1.879893134622013,-0.34682638504925895,-0.3559714766109691,0.774509822621065,0.9852941176470589,0.9117647058823529,0.9264705882352942,6.432791471481323,2.7705817222595215
55,0.11300375181085923,-1,-0.5047703350291532,0.24180437536800609,7.52378127154182,0.01623998144093682,0.12090218768400304,0.5,0.9699754153980928,-1,0.9632352941176471,0.7066353442622166,-2.0115024342256436,-0.36265816408045154,-0.36180389628690834,0.7573529972749597,0.9852941176470589,0.9558823529411765,0.9411764705882353,6.1607747077941895,2.791407585144043
56,0.10552226795869715,-1,-0.49976466683780446,0.2462745834799374,7.425939223345588,0.016962347661747652,0.1231372917399687,0.5,0.9761030533734489,-1,0.9522058823529411,0.6696276945226333,-2.0066317389993107,-0.38341449288760915,-0.3498222687665154,0.7916667040656594,0.9852941176470589,0.9264705882352942,0.9117647058823529,6.04990816116333,2.740309238433838
57,0.09915156224194695,-1,-0.5153648713055778,0.24167843425975127,7.478059656479779,0.01657982959466822,0.12083921712987564,0.5,0.976715648875517,-1,0.9632352941176471,0.7532685971727558,-2.1179443808162914,-0.4120853928958668,-0.4078675999360926,0.7696078805362477,0.9852941176470589,0.9264705882352942,0.9411764705882353,6.49269962310791,2.860849142074585
58,0.09325829674215878,-1,-0.5484588847440832,0.21518746544333064,8.033054127412683,0.013458232669269337,0.10759373272166532,0.5,0.9797795239616843,-1,0.9595588235294118,0.719424752628102,-2.0825397267061123,-0.36265892141005573,-0.3748461779426126,0.7769608217127183,1.0,0.9117647058823529,0.9117647058823529,6.379981994628906,2.873929023742676
59,0.08823958565207089,-1,-0.5238374261295095,0.22962373845717488,7.654757331399357,0.015187396722681382,0.11481186922858744,0.5,0.9822303547578699,-1,0.9669117647058824,0.7011932672238818,-2.1309370153090534,-0.38843626134535847,-0.3924703598022461,0.7892157049740062,1.0,0.9411764705882353,0.9264705882352942,6.462125778198242,2.851210117340088
60,0.0810330685447244,-1,-0.5673664317411535,0.21088511803570917,8.231180527630974,0.012974281521404491,0.10544255901785458,0.5,0.9840685900519875,-1,0.9632352941176471,0.7537172354903876,-2.270709991455078,-0.44833985496969786,-0.44480738920323987,0.7794118208043715,0.9852941176470589,0.9411764705882353,0.9411764705882353,6.5204832553863525,2.8929390907287598
61,0.07774463821859921,-1,-0.5469935361076804,0.19239070836235495,8.132611443014707,0.011895765276516186,0.09619535418117747,0.5,0.984068702248966,-1,0.9632352941176471,0.7525562959558824,-2.221807592055377,-0.4039609291974236,-0.3892492126016056,0.7916667040656594,1.0,0.9117647058823529,0.8970588235294118,6.68016242980957,2.793442726135254
62,0.07247698307037354,-1,-0.4859987146714154,0.18842120731578155,8.051578297334558,0.011781943195006427,0.09421060365789077,0.4999999439015108,0.9859069375430837,-1,0.9522058823529411,0.7263256895775888,-2.2174305635340072,-0.3863371680764591,-0.3817068268271053,0.7941176470588235,1.0,0.9117647058823529,0.9117647058823529,6.297093629837036,2.8141939640045166
63,0.07219588055330164,-1,-0.5432463814230526,0.21262778955347397,8.492323931525736,0.012845872956163743,0.10631390178904813,0.5,0.9828431746538948,-1,0.9632352941176471,0.7794478173349418,-2.394320992862477,-0.4406438434825224,-0.4315639383652631,0.7843137628891889,1.0,0.8970588235294118,0.8970588235294118,6.2895801067352295,2.477980613708496
64,0.0662682757658117,-1,-0.583198210772346,0.20296241255367503,8.67345563103171,0.011811919072095086,0.10148120627683752,0.4999999439015108,0.9883578805362477,-1,0.9522058823529411,0.7535138597675398,-2.413610570571002,-0.45521032108980064,-0.4342217164881089,0.7892157049740062,1.0,0.9411764705882353,0.9411764705882353,5.894523859024048,2.597454309463501
65,0.06095264238469741,-1,-0.6471819597132066,0.20377017469967112,8.753271663890166,0.011706997366512524,0.10188508734983556,0.5,0.9914216434254366,-1,0.9742647058823529,0.7762047262752757,-2.5064724192899814,-0.5257173986995921,-0.5271124559290269,0.7818627637975356,1.0,0.9411764705882353,0.9558823529411765,6.057879209518433,2.4839324951171875
66,0.05708398538477281,-1,-0.7217282687916475,0.19936009014354034,8.914049933938418,0.011310814934618333,0.09968004507177017,0.5,0.9932598787195542,-1,0.9705882352941176,0.7749511868345971,-2.5637588500976562,-0.5061275257783777,-0.536033966962029,0.7867647619808421,1.0,0.9705882352941176,0.9264705882352942,6.244131565093994,2.7388463020324707
67,0.05170547962188721,-1,-0.6740444407743567,0.16219464470358455,9.133822272805606,0.008956604144152473,0.08109732235179228,0.4999999439015108,0.9932597665225759,-1,0.9669117647058824,0.8089944428088618,-2.701090419993681,-0.5165473152609432,-0.4835519229664522,0.7818628198960248,1.0,0.9852941176470589,0.9558823529411765,6.352940320968628,2.575469493865967
68,0.048863978946910185,-1,-0.6071373995612649,0.17221649955300725,9.473545747644762,0.009166905985159032,0.08610824977650362,0.4999999439015108,0.9932597665225759,-1,0.9705882352941176,0.8171555762197457,-2.638681748334099,-0.47997519549201517,-0.4681200139662799,0.7818627637975356,1.0,0.9411764705882353,0.9411764705882353,6.462855339050293,2.764207124710083
69,0.04706177991979262,-1,-0.6668403849882238,0.16682744026184082,9.175449146943933,0.009398227228837855,0.08341372714323156,0.4999999439015108,0.9920342389275046,-1,0.9742647058823529,0.7840251548617494,-2.660734962014591,-0.5339164733886719,-0.4985515370088465,0.7867647058823529,1.0,0.9705882352941176,0.9558823529411765,6.184688568115234,2.892181873321533
70,0.047236593330607694,-1,-0.668678788577809,0.17851455071393182,9.74381570255055,0.009172665722229901,0.08925728236927706,0.4999999439015108,0.9944852941176471,-1,0.9742647058823529,0.878236359240962,-2.8574102065142464,-0.48799413793227253,-0.49454733904670267,0.774509822621065,1.0,0.9411764705882353,0.9264705882352942,6.406125783920288,2.803086757659912
71,0.04627062643275542,-1,-0.6935395633473116,0.1643360502579633,10.134395823759192,0.008184461032643038,0.08216802512898165,0.4999999439015108,0.9938725864186007,-1,0.9669117647058824,0.7841728060853248,-2.702666114358341,-0.5007649589987362,-0.5241010890287512,0.8014706443337833,1.0,0.9705882352941176,0.9705882352941176,6.327206134796143,2.7656991481781006
72,0.042448762585135066,-1,-0.6716687258552102,0.17978655590730555,9.912856158088236,0.008937843582209419,0.08989327795365278,0.5,0.9926470588235294,-1,0.9595588235294118,0.8761938506481695,-2.869526133817785,-0.5522839602302102,-0.5403073254753562,0.7818627637975356,1.0,0.9705882352941176,0.9705882352941176,6.276897192001343,2.734067678451538
73,0.038480099509744084,-1,-0.7149275611428654,0.15833338569192326,10.272126141716452,0.007701014771180994,0.07916669284596163,0.5,0.9950980018166935,-1,0.9816176470588235,0.8141970914952895,-2.8363301894244026,-0.5544345519121956,-0.5979186226339901,0.7990196452421301,1.0,0.9558823529411765,0.9558823529411765,6.374642610549927,2.613344430923462
74,0.03697664597455193,-1,-0.6921134275548598,0.16532496845020966,9.999256807215074,0.008204002590740429,0.08266248422510483,0.4999999439015108,0.9950980018166935,-1,0.9779411764705882,0.824007744882621,-3.017565783332376,-0.562801248887006,-0.5690572402056526,0.8063725303201115,1.0,0.9705882352941176,0.9558823529411765,6.505242109298706,2.7985334396362305
75,0.03853838934617884,-1,-0.7653852911556468,0.17148232460021973,10.702712115119486,0.008371524951037239,0.08574116230010986,0.5,0.9944852941176471,-1,0.9779411764705882,0.8570689033059513,-2.945231493781595,-0.6324410719030044,-0.5998555351706112,0.7941176470588235,1.0,0.9705882352941176,0.9558823529411765,6.023608922958374,2.6033592224121094
76,0.03334441956351785,-1,-0.759161444271312,0.14728886940900018,10.653822954963236,0.006962524617419523,0.07364444171681124,0.5,0.9969362371108111,-1,0.9889705882352942,0.8254250171137791,-3.0277876012465534,-0.6217242970186121,-0.6376486385569853,0.8088235294117647,1.0,0.9558823529411765,0.9705882352941176,5.87734055519104,2.564516067504883
77,0.03118963451946483,-1,-0.6982438143561868,0.13715261571547566,10.77860933191636,0.006365678766194512,0.06857630785773783,0.4999999439015108,0.9950980018166935,-1,0.9742647058823529,0.8329936756807215,-3.041647293988396,-0.6212694504681755,-0.6436664356904871,0.7892157049740062,1.0,0.9852941176470589,0.9705882352941176,5.903615951538086,2.615358591079712
78,0.03007667906144086,-1,-0.7553502251120174,0.1407788220573874,11.174103680778952,0.006352611762635848,0.0703894110286937,0.5,0.9963235294117647,-1,0.9669117647058824,0.8919868469238281,-3.1605547736672794,-0.6048858866972082,-0.5971141702988568,0.7990195891436409,1.0,0.9705882352941176,0.9705882352941176,5.8953328132629395,2.5614686012268066
79,0.02875837333062116,-1,-0.7374902613022748,0.12945062973920038,11.007941750919118,0.006084982524899875,0.06472531486960019,0.4999999439015108,0.9963235294117647,-1,0.9742647058823529,0.8715827044318704,-3.064909542308134,-0.5282788557164809,-0.564053311067469,0.7916667040656594,1.0,0.9558823529411765,0.9558823529411765,5.953795433044434,2.731987953186035
80,0.026618116042193246,-1,-0.7417652466717888,0.12412477942074046,11.505674474379596,0.0053776476313086114,0.06206238971037023,0.4999999439015108,0.9969363493077895,-1,0.9669117647058824,0.8881782082950368,-3.2312561483944164,-0.5967818428488338,-0.5995918722713695,0.8039215873269474,1.0,0.9705882352941176,0.9558823529411765,6.371740102767944,2.620980739593506
81,0.024913395152372474,-1,-0.7300610261804917,0.11145562284133013,11.872035307042738,0.004801954854937161,0.05572780791450949,0.4999999439015108,0.9975489448098576,-1,0.9779411764705882,0.8972244262695312,-3.2115945255055145,-0.6251276801614201,-0.6205404506010168,0.7990196452421301,1.0,0.9852941176470589,0.9705882352941176,6.275120973587036,2.7570571899414062
82,0.024842427057378432,-1,-0.8104839885936064,0.11422458816977109,11.349696439855238,0.005087461541680729,0.05711230109719669,0.4999999439015108,0.9963235294117647,-1,0.9705882352941176,0.8810965594123391,-3.2574963289148666,-0.6036261390237248,-0.6090354919433594,0.7916667040656594,1.0,0.9705882352941176,0.9852941176470589,6.306541204452515,2.6905434131622314
83,0.02328044526717242,-1,-0.7689550624174231,0.10028338432312012,11.52735003303079,0.004371244241209591,0.05014169216156006,0.4999999439015108,0.9975490570068359,-1,0.9742647058823529,0.9067131491268382,-3.2120832555434284,-0.5424639196956859,-0.5743684207691866,0.8039215873269474,1.0,0.9705882352941176,0.9852941176470589,6.134043455123901,2.6000068187713623
84,0.021005164174472585,-1,-0.7001537435195025,0.10835382517646341,11.709813735064339,0.004668626715155209,0.05417691258823171,0.4999999439015108,0.9957107095157399,-1,0.9742647058823529,0.8922110912846584,-3.3130639020134423,-0.6219856598797966,-0.603020611931296,0.8039215873269474,1.0,0.9558823529411765,0.9411764705882353,6.492861032485962,2.875666618347168
85,0.02008771721054526,-1,-0.7252611833460191,0.10405203875373392,12.415821748621324,0.004260868272360633,0.05202601937686696,0.4999999439015108,0.9987745846019072,-1,0.9669117647058824,0.9737787433699066,-3.4993508282829735,-0.5859557881074793,-0.5902529323802275,0.7892157049740062,1.0,0.9705882352941176,0.9705882352941176,6.879375219345093,2.8950376510620117
86,0.018993244451635024,-1,-0.7658101250143612,0.10544421392328598,12.39313372443704,0.004336726577842937,0.05272210696164299,0.4999999439015108,0.9981617647058824,-1,0.9742647058823529,0.921242732627719,-3.519258611342486,-0.6338592978084788,-0.6247241637286018,0.8014706443337833,1.0,0.9705882352941176,0.9705882352941176,6.46499490737915,2.7991228103637695
87,0.017510997898438397,-1,-0.77819543726304,0.0966951426337747,12.375724343692555,0.0038766887258080873,0.04834757131688735,0.4999999439015108,0.9969363493077895,-1,0.9742647058823529,0.9801995520498238,-3.4408950805664062,-0.6658281999475816,-0.6207997939165901,0.796568702248966,1.0,0.9852941176470589,0.9705882352941176,5.8619959354400635,2.728036642074585
88,0.016868235433802885,-1,-0.8067975324742934,0.08592121040119845,12.780873915728401,0.0035246325766339023,0.042960605200599224,0.4999999439015108,0.9987745846019072,-1,0.9705882352941176,0.9270111532772288,-3.501177843879251,-0.5930823718800264,-0.6329100552727195,0.8088235294117647,1.0,0.9558823529411765,0.9705882352941176,5.91865086555481,2.6309614181518555
89,0.016257554292678833,-1,-0.851290366228889,0.08596625748802633,12.564077040728401,0.0034505264724002164,0.042983128744013166,0.4999999439015108,0.9975490570068359,-1,0.9632352941176471,0.9927220064051011,-3.56578535192153,-0.6192770004272461,-0.6326955346500173,0.7892157049740062,1.0,0.9705882352941176,0.9558823529411765,5.812981367111206,2.689105987548828
90,0.017674346180523142,-1,-0.7975668626673081,0.09625654360827278,13.376719755284926,0.0037246885545113508,0.04812827180413639,0.4999999439015108,0.9975489448098576,-1,0.9669117647058824,0.9176528033088235,-3.5819316190831803,-0.6904005162856158,-0.7136409983915442,0.823529467863195,1.0,0.9705882352941176,0.9558823529411765,6.698686122894287,2.853304862976074
91,0.016086248790516573,-1,-0.815447582918055,0.08762491450590246,12.764106301700368,0.0035015070701346677,0.04381245725295123,0.4999999439015108,0.9975489448098576,-1,0.9669117647058824,0.9960176804486442,-3.6101260465734146,-0.6500195334939396,-0.6541144427131204,0.7941176470588235,1.0,0.9411764705882353,0.9705882352941176,6.123234748840332,2.5088531970977783
92,0.015616488807341632,-1,-0.7722967372221106,0.07604570248547722,12.83611432243796,0.003065411658848033,0.03802285124273861,0.4999998878030216,0.9975489448098576,-1,0.9742647058823529,0.9941140717151118,-3.691335117115694,-0.6452903186573702,-0.6569231257719153,0.8039215873269474,1.0,0.9852941176470589,0.9558823529411765,5.802269697189331,2.492466688156128
93,0.01480788693708532,-1,-0.7882462669821346,0.08923661708831787,12.974365234375,0.003476540174554376,0.04461831205031451,0.4999999439015108,0.9987744724049288,-1,0.9632352941176471,0.9995032665776271,-3.797220566693474,-0.6872471080106848,-0.6834572062772863,0.796568702248966,1.0,0.9705882352941176,0.9705882352941176,5.826124668121338,2.5839126110076904
94,0.01441513089572682,-1,-0.8240188710829791,0.082245153539321,13.046522252699909,0.0032117362408077017,0.0411225767696605,0.4999999439015108,0.9987745846019072,-1,0.9558823529411765,0.9726491441913679,-3.7900758631089153,-0.6586084365844727,-0.6395757899564856,0.8014705882352942,1.0,0.9852941176470589,0.9852941176470589,6.642987489700317,2.891387701034546
95,0.013926234315423405,-1,-0.8337575127096737,0.07860429847941679,13.263300278607536,0.003024364438127069,0.03930215274586397,0.4999999439015108,0.9969362371108111,-1,0.9669117647058824,1.0013515995998008,-3.9018940645105697,-0.7135433870203355,-0.7007577559527229,0.8039215873269474,1.0,0.9852941176470589,0.9852941176470589,6.155426502227783,2.7784571647644043
96,0.014922746840645285,-1,-0.8605538536520565,0.07635532407199636,13.140747967888327,0.0029866469695287593,0.03817766203599818,0.4999999439015108,0.9987744724049288,-1,0.9742647058823529,0.9979001213522518,-3.8833564309512867,-0.7178541071274701,-0.7356901729808134,0.8161764705882353,1.0,0.9852941176470589,0.9705882352941176,6.270553350448608,2.5741970539093018
97,0.013111482648288502,-1,-0.8880359986249138,0.07388460636138916,13.199480842141543,0.002826046198606491,0.03694230318069458,0.4999999439015108,0.9975490570068359,-1,0.9669117647058824,1.0389042274624694,-3.897175059599035,-0.674953068003935,-0.6852942635031307,0.7843137628891889,1.0,0.9705882352941176,0.9558823529411765,5.857988595962524,2.6267356872558594
98,0.013089206288842595,-1,-0.8471875471227309,0.07379745034610524,13.216163186465993,0.0028258914894917432,0.03689872517305262,0.4999999439015108,0.9975490570068359,-1,0.9779411764705882,1.004729476629519,-3.767085355870864,-0.7382948258343864,-0.7142488255220301,0.7990196452421301,1.0,0.9852941176470589,0.9852941176470589,5.809007167816162,2.507817029953003
99,0.012051124783123241,-1,-0.865545441122616,0.07752807000104119,13.72505277745864,0.0029318784089649424,0.03876403500052059,0.5,0.9987744724049288,-1,0.9705882352941176,1.0394017836626839,-3.8228288538315716,-0.6822620840633616,-0.6868017982034123,0.7941176470588235,1.0,0.9558823529411765,0.9705882352941176,6.027184009552002,3.0111682415008545
100,0.011252473382388843,-1,-0.8723607904770795,0.060430688016554886,14.020776187672334,0.0021870758603600893,0.030215344008277443,0.4999999439015108,0.9969362371108111,-1,0.9852941176470589,1.0039516523772596,-3.91246436623966,-0.6694665796616498,-0.6974982093362248,0.8039216434254366,1.0,0.9705882352941176,0.9852941176470589,6.282947063446045,2.458751678466797
