0.967568147250241,-0.292564641522697,-0.268022593291007,-0.0680025161509444,0.482420778264618,1.34009067136198,0.0669227355000145,0.19
1.17894621117407,-0.538332693634016,-0.321855314397171,-0.224570133188391,0.969976503219519,1.05390857076772,0.104884011058786,0.193
1.60521229006504,-0.607397104011979,-0.210119696582021,-0.362717020920522,1.54026996338839,0.565916303773295,0.125120022683572,0.193
2.0329969578912,-0.391876266767113,-0.320743092650993,-0.468665081527789,2.27771678842736,-0.0408603791449476,0.143046420323755,0.193
2.33090188930161,-0.21589314327651,-0.356972793794399,-0.657179235357708,3.12145772984875,-0.745703687383615,0.158094283108391,0.193
2.65851930018238,-0.139244319147544,-0.217961287335369,-0.800675463319979,3.98703943857978,-1.64748883149097,0.158789835658134,0.193
2.94652290062273,-0.0963753097767964,-0.117663765249375,-0.882361179307983,4.8740891386871,-2.73718495701567,0.146563554373849,0.193
3.15850993044808,-0.0721122076523242,-0.0548689146715546,-0.923619000816295,5.78522298156501,-3.96636816829639,0.125488273039293,0.19121503707655
3.29701202638968,-0.0562248695422923,-0.00386172346917311,-0.93644694724886,6.72353412316972,-5.28329110693343,0.0997061114822809,0.185736772984686
3.37594795628879,-0.0475512987214019,0.0281628424711575,-0.929026439037311,7.69614538443258,-6.64154152421398,0.0731484755150992,0.182094224795608
3.41166599899696,-0.0446119964558649,0.0421927211935048,-0.910804319153157,8.70620894201093,-8.00707113832347,0.0485309691140792,0.181
3.41892687338731,-0.0447115407886462,0.0469824731003016,-0.888318473134251,9.7511527333164,-9.35899236292059,0.0272033507099093,0.181
3.40854666067836,-0.0459128703067738,0.0491802227578861,-0.864230449912398,10.8264010751494,-10.6854741587328,0.00971454022977752,0.181
3.38743231599462,-0.0479549129590401,0.0485177235264126,-0.839883696512142,11.9276343382329,-11.9798590940949,-0.00374692110695544,0.181741321771423
3.36022963641499,-0.0507006411844685,0.0448885028383338,-0.816720554595739,13.0502781228337,-13.2393948619603,-0.0132934801759125,0.183081923276286
3.33039574307104,-0.053807230420209,0.039343820498742,-0.795907316673667,14.1894206497427,-14.4645018391294,-0.0192892295198838,0.184562046456726
3.3005578126539,-0.0570280786543371,0.0325519173057795,-0.77820103855536,15.340288938151,-15.657878721113,-0.0222516316442608,0.18603766385202
3.27271779319536,-0.0601702308625802,0.0250723383236853,-0.764063618858951,16.4985477192074,-16.8237960163358,-0.0227797217794039,0.187406217355598
3.24836236246392,-0.0630667465499355,0.0174516155245784,-0.75368647744276,17.660477666023,-17.9675061972807,-0.0214994823710294,0.188596968843458
3.22849600648827,-0.0655740458225734,0.0102307560462206,-0.746993002310269,18.8230833565687,-19.0947046308341,-0.0190180291915586,0.189565145585636
3.21363897085728,-0.0675812387754536,0.00390611256480864,-0.743650357151403,19.9841419299384,-20.2110295630505,-0.0158848879627874,0.190289825130157
3.20383059911501,-0.0690233158536503,-0.00113086230570424,-0.743106779071565,21.1421967092611,-21.321620532199,-0.012561337775735,0.190772326216246
3.19866766192804,-0.0698895758877675,-0.00464160078159452,-0.744656973673248,22.2965015450849,-22.430768585506,-0.00939970583884184,0.191033708204739
3.19738888705313,-0.0702291148698505,-0.00659401780158397,-0.747529352992887,23.4469257163888,-23.5416878644835,-0.00663396478787161,0.191110830676505
3.19900786770163,-0.0701462832853171,-0.00717722744512018,-0.750996232373945,24.5938163982215,-24.6564411298826,-0.00438410388159428,0.191051172286092
3.20247492618814,-0.0697749966770188,-0.00672543095185719,-0.754464888546053,25.7378289403408,-25.7760240147811,-0.00267388124375877,0.190905725259059
3.20682547916889,-0.0692506936186448,-0.00562554280687797,-0.757524939829615,26.8797571309163,-26.9005649978204,-0.00145668777919598,0.19072141725673
3.21128373308234,-0.0686886773342815,-0.00423831428198248,-0.759952847235836,28.0203895263035,-28.0295832166074,-0.000643641474143493,0.190535762343322
3.2153106645998,-0.0681723018381772,-0.00284805812284011,-0.761684625805668,29.1604071595108,-29.1622498269016,-0.000129037152125264,0.190374341078819
3.21860219972661,-0.0677506195109674,-0.00164313033822247,-0.762771890526942,30.3003269868586,-30.2976129815314,0.000189949782670275,0.190250850303403
3.22105302154103,-0.0674427251565129,-0.000720256752142272,-0.763334851461721,31.4404863016669,-31.4347648526204,0.000400482879344841,0.190168990956531
3.22270339485492,-0.0672454531714831,-0.000102604997920478,-0.763521420884513,32.581057706738,-32.5729456680144,0.000567831457134957,0.190125290692305
3.22368337632628,-0.0671417247379305,0.000237263563705734,-0.763476810077199,33.7220824186548,-33.7115913798658,0.000734365889626163,0.190112065861752
3.22416384041189,-0.0671078828829641,0.000355471050035115,-0.763324379858923,34.8635107924258,-34.8503378125258,0.000922104453061893,0.190119985510727
3.22431900133771,-0.067119240842127,0.000319092729976841,-0.763156284403992,36.0052417222646,-35.9889958935025,0.00113720550234373,0.190139974504371
3.22430154379543,-0.0671538380896734,0.000193021299543822,-0.763031683317655,37.1471557230721,-37.1275114215923,0.00137509958058938,0.190164410799758
3.2242293506918,-0.0671944980703794,3.17982561913038e-05,-0.762980147825159,38.2891391438377,-38.2659203456547,0.00162531494906785,0.190187702018152
3.22418158806848,-0.0672295083626107,-0.000124260322368995,-0.76300793940635,39.4310991668838,-39.404307300079,0.00187543011605951,0.190206373431693
3.22420142670988,-0.0672523315143636,-0.000249705931742557,-0.763105311892335,40.5729707012226,-40.5427719751835,0.00211391048290679,0.190218829089299
3.22430275863658,-0.0672607338517467,-0.000332470840072692,-0.763253534127454,41.7147170009992,-41.6814052660887,0.00233182123761929,0.190224935707569
0.967568147250241,-0.292564641522697,-0.268022593291007,-0.0680025161509444,0.482420778264618,1.51866209993341,0.0718411022532836,0.19
1.17894621117407,-0.538332693634016,-0.321855314397171,-0.224570133188391,0.969976503219519,1.23247999933914,0.112785518043746,0.193
1.60521229006504,-0.607397104011979,-0.210119696582021,-0.362717020920522,1.54026996338839,0.744487732344724,0.134830895681354,0.193
2.0329969578912,-0.391876266767113,-0.320743092650993,-0.468665081527789,2.27771678842736,0.137711049426481,0.153854729283003,0.193
2.33090188927855,-0.215893142658257,-0.356972794479088,-0.657179235618934,3.12145772964992,-0.567132258948846,0.169568220601877,0.193
2.6585193004482,-0.139244319157905,-0.217961287727729,-0.800675463844309,3.98703943810208,-1.46891740338214,0.170667497237548,0.193
2.9465229011859,-0.0963753097514603,-0.117663765401993,-0.882361179963517,4.87408913769368,-2.55861352959735,0.158686086930696,0.193
3.15871378444557,-0.0727580583573627,-0.0583209945784361,-0.924624556375247,5.78464191987234,-3.78825475025066,0.137686592497816,0.191943599193109
3.29829293546002,-0.0568968360961556,-0.00787730946041549,-0.939371908268784,6.72030354969944,-5.10747840004024,0.111647998365101,0.186384582408451
3.37894196991094,-0.0479018550034784,0.0250277644957062,-0.933726802983071,7.68809231400362,-6.47046877706924,0.0844756285476787,0.182563102851898
3.41646019905535,-0.0444581885443399,0.0409475461211261,-0.916520694179101,8.6920712141941,-7.84290594228661,0.0589818072464764,0.181
3.42517646713122,-0.0443518688918147,0.0463353067823577,-0.894477368889929,9.73075985185077,-9.20313389738799,0.0366549571923737,0.181
3.41591232880854,-0.0454757357709341,0.0486938683662343,-0.870663668833964,10.7999530889772,-10.5388758324976,0.0181062710442669,0.181
3.39567409668886,-0.0474111164432296,0.0484221874914597,-0.846446878129365,11.8954755732452,-11.84320524692,0.00355633612158227,0.18163097047816
3.36911094692057,-0.0500578951820568,0.0451975034627297,-0.823216345054118,13.0129533312543,-13.113041579527,-0.00706839937076999,0.182902849344737
3.33965175983796,-0.0530823306517642,0.0400479259849555,-0.802138391251107,14.1476325943032,-14.3484540055445,-0.0140952383325595,0.184334212285285
3.30989460067085,-0.0562440390172794,0.0336155850211033,-0.783981626622677,15.2948354312453,-15.551791708292,-0.0180098295847987,0.185781818602477
3.28182496543245,-0.059356207815172,0.0264308840993376,-0.76923315789346,16.4502579620266,-16.7270005311786,-0.0193858634436071,0.18714221289464
3.25693553630753,-0.0622568003532242,0.0190120099220704,-0.758123843270324,17.6101535714125,-17.8790586606402,-0.0188317770768062,0.188342689898415
3.23626490205801,-0.0648044655685754,0.0118779280700556,-0.750628967263384,18.7714505388256,-19.0134610501923,-0.0169458432877709,0.18933545432956
3.22039594042461,-0.0668865752747421,0.00551509631031527,-0.74647544720106,19.9318132862831,-20.1357367082602,-0.0142777373889521,0.190095674730129
3.20945358500137,-0.0684317323472517,0.000321703453811506,-0.745171897916275,21.0896497878648,-21.2510146369645,-0.0112974183783171,0.190620166079962
3.20313227520174,-0.0694197006051577,-0.00344501065032703,-0.746066711535212,22.2440690770351,-22.3636701392514,-0.00837321399067347,0.190925288586402
3.20076702995175,-0.0698849184478834,-0.0057069366358845,-0.74842655120758,23.3947975302037,-23.4770819248435,-0.00576059884867929,0.191043441494288
3.20144894143867,-0.0699165748698561,-0.00659971217242611,-0.751535861650628,24.5420570983955,-24.593526996913,-0.00360331214470467,0.191018277628563
3.20417418204477,-0.0696380642020563,-0.00641585271517853,-0.754790409342609,25.6864080267034,-25.7142284095922,-0.00194768108927016,0.190898477744752
3.20798977555638,-0.0691801365397731,-0.00551818213146014,-0.757752219898736,26.8285839220556,-26.8395242447685,-0.000765976822797815,0.190730431473254
3.21210290840323,-0.0686586841513645,-0.00426096042315723,-0.760162963157182,27.96934646304,-27.9691045811828,1.68381830232275e-05,0.190552553292096
3.21593895664727,-0.0681612973182036,-0.00293545963098443,-0.761924380335446,29.1093769053098,-29.1022633957482,0.000497888930204046,0.190392249412062
3.2191503782088,-0.0677430040465266,-0.00174469376135405,-0.763059485052167,30.2492109727866,-30.238123909237,0.000776060034457236,0.190265419820101
3.22158930195767,-0.0674290223835163,-0.000802504242629799,-0.763667945658176,31.3892144810415,-31.3758127159057,0.000938102686347713,0.190177888553849
3.2232600836393,-0.0672214344133806,-0.000147956018552072,-0.763885379402425,32.5295908381623,-32.5145743205149,0.00105114357510737,0.190127926460263
3.22426623725015,-0.0671070596399022,0.000233702090763099,-0.763851767569353,33.6704089997396,-33.6538299254457,0.00116052752177293,0.190109077623135
3.22476183159332,-0.067064723841273,0.000389761197491368,-0.76369050707609,34.8116409018941,-34.7931914496175,0.0012914570019259,0.190112718349421
3.22491286512763,-0.0670709673099656,0.0003821981621693,-0.763497162823775,35.9531997143431,-35.9324444122857,0.00145286831914992,0.190130037590173
3.22487045528981,-0.0671040765895358,0.000273935505987914,-0.76333597520198,37.0949732281331,-37.0715128221258,0.00164222670713964,0.19015334907457
3.22475538751353,-0.0671464603613112,0.000119828743881875,-0.763241938551333,38.2368492792862,-38.2104172099637,0.00185024381336286,0.190176790529352
3.22465217222718,-0.0671856208238874,-3.80441930718612e-05,-0.763226172014182,39.3787323634489,-39.3492340031703,0.00206488458918464,0.19019652074378
3.2246101092903,-0.0672141017031055,-0.000171750991005456,-0.763282704180106,40.520552179484,-40.4880613716979,0.00227435616272391,0.19021056461737
3.22464880525378,-0.067228784094497,-0.000266559912025757,-0.763395284983695,41.6622657030349,-41.6269940212795,0.00246901749099848,0.190218453594906
0.967568147250241,-0.292564641522697,-0.268022593291007,-0.0680025161509444,0.482420778264618,1.69723352850484,0.0767594690065526,0.19
1.17894621117407,-0.538332693634016,-0.321855314397171,-0.224570133188391,0.969976503219519,1.41105142791057,0.120687025028705,0.193
1.60521229006504,-0.607397104011979,-0.210119696582021,-0.362717020920522,1.54026996338839,0.923059160916152,0.144541768679136,0.193
2.0329969578912,-0.391876266767113,-0.320743092650993,-0.468665081527789,2.27771678842736,0.31628247799791,0.164663038242252,0.193
2.33090188927855,-0.215893142658257,-0.356972794479088,-0.657179235618934,3.12145772964992,-0.388560830377417,0.181042158118855,0.193
2.6585193004482,-0.139244319157905,-0.217961287727729,-0.800675463844309,3.98703943810208,-1.29034597481071,0.182545158882787,0.193
2.9465229011859,-0.0963753097514603,-0.117663765401993,-0.882361179963517,4.87408913769368,-2.38004210102592,0.170808619637802,0.193
3.15891546383887,-0.073405015113765,-0.0617752745448958,-0.92562794048757,5.78406184231134,-3.61013951564648,0.14988510800465,0.192672161359398
3.29956760263013,-0.0575740122154385,-0.0119190948084914,-0.942302425151645,6.71706460837437,-4.93165816562372,0.12358982642472,0.187032499583656
3.38192650670443,-0.0482591459426345,0.0218534160641817,-0.938449824528426,7.67998514291437,-6.29938289402144,0.0957999140472518,0.183031850531271
3.42124273513536,-0.0443054876607223,0.0396864516244867,-0.922272945139574,8.6777879707461,-7.67872854933306,0.0694233130688598,0.181
3.43141139786727,-0.0439910040840484,0.0456811465358828,-0.900677414293728,9.71010233989329,-9.0472715268157,0.0460883128931858,0.181
3.42325995271552,-0.0450369747637793,0.0482027940222497,-0.877140828003585,10.7731044262268,-10.3922883969143,0.0264691921526428,0.181
3.40389380579743,-0.046863002460786,0.0483369236257349,-0.853051892839407,11.8627707478221,-11.7065814968795,0.0108192623202191,0.181513899237361
3.37796419073456,-0.0494106530675152,0.0455204145593183,-0.829747615795989,12.9749392942168,-12.9867369284292,-0.000894969941181343,0.182715998199799
3.34887336793228,-0.0523540468468562,0.0407645456640567,-0.808398251856517,14.1050208098179,-14.2324710193598,-0.00896344749644644,0.184098135372241
3.31919264314925,-0.0554580081113602,0.0346888025761647,-0.789785489931899,15.2484364864727,-15.4457840170795,-0.0138397606886157,0.185517588847545
3.29089258309675,-0.0585412679619378,0.0277965823889541,-0.774421843908714,16.4009169917392,-16.6302981450374,-0.0160721069563955,0.186869855369485
3.26547205325912,-0.0614463580020772,0.0205790929046594,-0.762576965139416,17.5586908621157,-17.7907176409443,-0.0162512309967486,0.18808022151829
3.24400255492656,-0.0640340631459293,0.0135339112970025,-0.754276893717167,18.7186116309708,-18.9323359889045,-0.0149663800465822,0.189097876429986
3.22712737124994,-0.066190181273236,0.00713739305183761,-0.749307048843667,19.8782315367367,-20.0605703003207,-0.0127671555070494,0.189894106472754
3.21505440377929,-0.0678373004465523,0.0017934903632807,-0.747235505553131,21.0358227350217,-21.1805350585294,-0.0101319503581334,0.190461254494414
3.20757331171216,-0.0689456404297315,-0.00222101447153509,-0.74746327569495,22.1903485191681,-22.2966847539397,-0.00744480269571027,0.190811005056551
3.20411368667877,-0.0695366691031177,-0.00478986825154253,-0.749296215320039,23.3413911362933,-23.4125571835181,-0.00498239133228132,0.190971333696426
3.20384510029801,-0.069684446382837,-0.00599542996555004,-0.752033878101113,24.4890438222241,-24.530641227251,-0.00291228418353243,0.1909820861151
3.20581248543528,-0.0695013033460858,-0.00608698900186684,-0.755063016764315,25.6337668457093,-25.6523887255636,-0.00130381413097152,0.190889439365198
3.20907787782809,-0.0691126160483362,-0.00540105060081995,-0.757919594350133,26.7762284920687,-26.7783517483809,-0.000148799311741245,0.190739044319732
3.21283424261824,-0.0686342599854719,-0.00428322701169461,-0.760310913845013,27.9171589960387,-27.908397470455,0.000613202849768303,0.190570067444028
3.21647296714214,-0.0681576744058452,-0.00303019927856313,-0.762103947690245,29.0572363923336,-29.0419492546316,0.00107003659568301,0.190411661223243
3.21960339473311,-0.0677437231064102,-0.00185887535573347,-0.763292052855409,30.197013077097,-30.1782112470461,0.00131608986577212,0.190281918702741
3.22203446444991,-0.0674238041377321,-0.000900127705403178,-0.763953108518694,31.3368825789134,-31.316348918447,0.00143733304025672,0.190188831128333
3.22373340151454,-0.0672054193246002,-0.000209276094372732,-0.764209272857642,32.4770793294597,-32.4556138388387,0.00150257027657847,0.190132488239255
3.22477575112742,-0.0670794994201765,0.000215182444595943,-0.764194371292273,33.6177009243063,-33.5954136587173,0.00156010005923154,0.19010774713199
3.22529742631457,-0.0670275564115391,0.00041111427358459,-0.764031200480155,34.7587421270397,-34.7353362814418,0.00163840401693505,0.190106769894288
3.22545510361913,-0.0670275285787262,0.0004348542841283,-0.763818383600099,35.9001316967145,-35.8751407754753,0.00174936134799865,0.190121072179699
3.22539754674796,-0.0670580718713681,0.000346936218248366,-0.763625126696174,37.0417658840045,-37.0147277712143,0.00189266599156869,0.190142946732932
3.22524797959169,-0.0671012549763214,0.000202243899460103,-0.763491903822626,38.1835349567638,-38.1541005804905,0.0020604051844529,0.190166285621363
3.2250960733777,-0.0671438283762506,4.44561390273573e-05,-0.763434856860584,39.325341393381,-39.2933256626499,0.00224110045082852,0.190186889855665
3.2249972888655,-0.0671774206108798,-9.60799891630215e-05,-0.76345200610675,40.4671100915045,-40.4324981116313,0.00242283816634194,0.190202402655729
3.2249771272087,-0.0671980127148314,-0.000201976171088638,-0.763529819427398,41.6087919340667,-41.5717151883053,0.0025953719456543,0.190212010766074
0.967568147250241,-0.292564641522697,-0.268022593291007,-0.0680025161509444,0.482420778264618,1.87580495707627,0.0816778357598217,0.19
1.17894621117407,-0.538332693634016,-0.321855314397171,-0.224570133188391,0.969976503219519,1.589622856482,0.128588532013665,0.193
1.60521229006504,-0.607397104011979,-0.210119696582021,-0.362717020920522,1.54026996338839,1.10163058948758,0.154252641676918,0.193
2.0329969578912,-0.391876266767113,-0.320743092650993,-0.468665081527789,2.27771678842736,0.494853906569338,0.1754713472015,0.193
2.33090188927855,-0.215893142658257,-0.356972794479088,-0.657179235618934,3.12145772964992,-0.209989401805989,0.192516095635833,0.193
2.6585193004482,-0.139244319157905,-0.217961287727729,-0.800675463844309,3.98703943810208,-1.11177454623928,0.194422820528026,0.193
2.9465229011859,-0.0963753097514603,-0.117663765401993,-0.882361179963517,4.87408913769368,-2.20147067245449,0.182931152344908,0.193
3.15900550407845,-0.0736964870225235,-0.063330301842058,-0.92607872946227,5.78380114199761,-3.43177277257865,0.162123585511248,0.193
3.30023522991853,-0.0581651137941217,-0.015266317574637,-0.944068166654286,6.7153330161727,-4.75452867084874,0.13572881714807,0.187702395858732
3.38383394783381,-0.0487224424435603,0.0186303881398875,-0.941878612191032,7.67483079969901,-6.12542171668917,0.10753216809791,0.183589056675814
3.42472241829358,-0.0444157774817976,0.0376146873737841,-0.926982971474165,8.66763351749873,-7.5100290388549,0.0804703824320096,0.181278283879816
3.43637467324563,-0.0437660333844192,0.0448032584464041,-0.906071448158458,9.69427644239071,-8.88548120760262,0.0562748380106967,0.181
3.42940452008526,-0.0446782239184256,0.0476841060368684,-0.882865145615173,10.7516306804237,-10.238482987533,0.0357136156131969,0.181
3.41096412402476,-0.0464422634484156,0.047948130500977,-0.858996368178386,11.8358885597595,-11.5615237703008,0.0190801514917648,0.18150506958191
3.38577804076045,-0.0489086011196551,0.0454124904656666,-0.835805758966246,12.9429826866723,-12.8509835352807,0.00636389149646499,0.182637275513872
3.3572454661443,-0.0517663332231062,0.0410008005592868,-0.814413005406776,14.0684595540903,-14.1063240986317,-0.00269664422927199,0.183960064577173
3.32790118029179,-0.0547942329238346,0.0352820997178259,-0.795582705655059,15.2078655082724,-15.3292515179308,-0.00852499757684867,0.185334899925668
3.2996789100868,-0.0578208164086573,0.0287215395594225,-0.77983144044489,16.3570143832035,-16.5230817921263,-0.0116416874726691,0.186659573447369
3.27405655664081,-0.0606960829397867,0.0217769043325901,-0.767450355572661,17.5121663241738,-17.6922291022162,-0.0126146865895891,0.187859570678456
3.25210935253188,-0.0632858777705079,0.0149173559277461,-0.758502161551782,18.6701560982589,-18.8417403012442,-0.0120171366993238,0.188882766112061
3.23451266586588,-0.0654778114486669,0.00859945345011661,-0.752820805938198,19.8284740667811,-19.9768525087972,-0.0103902772029142,0.189697918110166
3.22153329053994,-0.06719218627402,0.00322044911183833,-0.750029359177107,20.985297916776,-21.1025827956137,-0.00821223800250026,0.190293915888059
3.21303966718455,-0.0683927915876513,-0.000934684127993753,-0.749583084857902,22.1394758063343,-22.2233767323449,-0.00587445770861379,0.190678407700082
3.20854928406667,-0.0690916199501942,-0.00372829738763448,-0.750835070460843,23.2904653751473,-23.3428472994864,-0.00366757953293521,0.190875167261513
3.20731550077322,-0.0693489528515716,-0.00519822737569493,-0.753115221060471,24.4382374519686,-24.4636269744643,-0.0017777789895076,0.190920060111193
3.20844771679207,-0.0692647220500977,-0.00554987512668792,-0.755818029549077,25.5831466468964,-25.5873506807666,-0.000294593166203673,0.190856011322238
3.21104432649968,-0.0689561537623572,-0.00508702170940956,-0.75846822675307,26.725781855417,-26.7147624162976,0.000771172231483388,0.190726863253342
3.21430607651901,-0.0685358200315914,-0.00413736027251161,-0.760749553369485,27.8668234148217,-27.8459050388638,0.00146417198185049,0.190571441310418
3.21760915639806,-0.0680960125827645,-0.00299360931802486,-0.762500321023127,29.0069269979819,-28.9803450409251,0.00186066764617461,0.190419708474276
3.22053325505567,-0.0677012035546674,-0.00187896769150409,-0.763686121063196,30.1466446722767,-30.1173901343815,0.00204777559109311,0.190291281214471
3.22285180444371,-0.0673876510606853,-0.000936280074095732,-0.764361832252573,31.2863845001875,-31.2562705330728,0.00210795218639555,0.190195942752014
3.22449753380333,-0.0671677623929205,-0.000234538190745954,-0.764633103993111,32.4264031525971,-32.3962696619533,0.0021093288714811,0.190135485906971
3.22551692247039,-0.0670366571288743,0.000215134490879983,-0.764623816294394,33.5668221926831,-33.5368026291485,0.00210136006221906,0.190106154786117
3.2260243314222,-0.0669789707117469,0.000440496747749831,-0.764452436610417,34.7076578476673,-34.677449305781,0.00211459223962539,0.19010108359848
3.22616267480443,-0.066974641512655,0.000490838834500682,-0.764217461782603,35.8488554040447,-35.8179531370061,0.00216315524007584,0.190112345700684
3.22607382951096,-0.067003323544192,0.000422624594670467,-0.763990661013665,36.9903218266568,-36.9581976551042,0.00224868991455585,0.190132439262229
3.22587946157789,-0.0670473056213052,0.000289140159310141,-0.763816412362727,38.1319525569169,-38.0981716916369,0.00236465929944569,0.190155201832968
3.22567127956657,-0.0670930280237811,0.000134292141248762,-0.76371504774924,39.2736506801145,-39.2379320578035,0.00250030279138438,0.190176217657417
3.22550875677916,-0.0671315087352048,-1.017502826069e-05,-0.763688334311742,40.4153384256551,-40.377569717613,0.00264380909568589,0.190192836885539
3.22542205195917,-0.0671580093780098,-0.000124893919033147,-0.76372562482802,41.5569620532286,-41.5171829119875,0.00278453960346858,0.190203943606935
0.967568147250241,-0.292564641522697,-0.268022593291007,-0.0680025161509444,0.482420778264618,2.0543763856477,0.0865962025130907,0.19
1.17894621117407,-0.538332693634016,-0.321855314397171,-0.224570133188391,0.969976503219519,1.76819428505343,0.136490038998625,0.193
1.60521229006504,-0.607397104011979,-0.210119696582021,-0.362717020920522,1.54026996338839,1.28020201805901,0.163963514674699,0.193
2.0329969578912,-0.391876266767113,-0.320743092650993,-0.468665081527789,2.27771678842736,0.673425335140767,0.186279656160748,0.193
2.33090188927855,-0.215893142658257,-0.356972794479088,-0.657179235618934,3.12145772964992,-0.03141797323456,0.203990033152811,0.193
2.658519300466,-0.139244319153822,-0.217961287817002,-0.800675463866068,3.98703943808563,-0.933203117681058,0.206300482171197,0.193
2.94652290122333,-0.0963753097576397,-0.117663765450099,-0.882361180019982,4.87408913763838,-2.0228992439445,0.195053685043847,0.193
3.15900550414073,-0.0736964870208801,-0.0633303018615736,-0.926078729534796,5.78380114187603,-3.25320134414886,0.174394640006636,0.193
3.30040895914742,-0.0586837025324793,-0.0180332191266561,-0.944876856925904,6.71484003665326,-4.57633167525374,0.148029235816578,0.188390209481727
3.3848640932807,-0.0492743050082224,0.015360360688122,-0.944242717885092,7.67211701199789,-5.94911485031385,0.119599459267581,0.1842187596958
3.42714064539269,-0.0447348734836491,0.034915994400554,-0.930825925990969,8.66091077705832,-7.33763635683095,0.0920161936998527,0.18176508468888
3.44029351928521,-0.0436507031117011,0.0437546539228461,-0.910780585360864,9.6825010225847,-8.71882757840942,0.0670853282655751,0.181
3.43455078848995,-0.0443856823394086,0.0471479066656561,-0.887944080145956,10.7346980615166,-10.0787266761016,0.045692481099973,0.181
3.41707205290158,-0.0461281171707096,0.0473097315934778,-0.86437039637104,11.8139568605274,-11.4094812390026,0.0281765112118195,0.181588200472198
3.39271306873788,-0.0485281845598239,0.0449488074740334,-0.841448095511025,12.9162029845594,-12.7073718465869,0.0145352170024963,0.182650840616514
3.36488839012697,-0.0512966028601912,0.0408399979403264,-0.82020039468795,14.0370923745098,-13.9716882042293,0.00452797252541349,0.183906113745463
3.33608808945565,-0.0542337054042184,0.0354774008239507,-0.80135000489494,15.1723170050606,-15.2038889090734,-0.00224055353626822,0.185222776387729
3.30819171948672,-0.0571813958051971,0.0292780813477969,-0.785400568504267,16.317813943422,-16.4070004122218,-0.00626156428661396,0.186503709292346
3.28263514591067,-0.059999424808616,0.0226612641097607,-0.772651137589743,17.4699222326114,-17.5851367300941,-0.00807624259828167,0.187676416410496
3.26047471801226,-0.0625608603723467,0.0160626565741709,-0.763189915347727,18.6255053993958,-18.7430645804532,-0.00823595266348832,0.188688848714252
3.24239560794123,-0.0647576014947778,0.00991217290000548,-0.756891111664809,19.7820352369436,-19.885788675256,-0.00726687114927222,0.189508347334222
3.2287038924329,-0.0665104507332796,0.00459133005649331,-0.753428467065301,20.9376311599019,-21.0181633271766,-0.00563975696435141,0.190121197199644
3.2193324536296,-0.0677793353594077,0.000384125388403534,-0.75231189643962,22.0910535516108,-22.1445542039364,-0.00374656517682919,0.190531569244243
3.21387938560696,-0.0685690916993638,-0.0025609766994538,-0.752946330063246,23.2416537823745,-23.2685799871863,-0.00188575596867721,0.19075926763492
3.21168325660571,-0.0689282860692687,-0.00424827101861185,-0.754702944824249,24.3892883976134,-24.3929571297048,-0.000257370244373327,0.190836116805642
3.21192836999687,-0.0689438713159337,-0.00484040965149929,-0.756997463779345,25.5342039008636,-25.5194612363699,0.00103164746514689,0.190801324349933
3.21376565569112,-0.0687229838263719,-0.00460452319177503,-0.759356048323924,26.6768995118408,-26.6490050932062,0.0019524036605587,0.190696091228017
3.21642155589768,-0.0683723144340854,-0.00384343553112197,-0.761448723392359,27.8179908253641,-27.7818018300709,0.00253310494121988,0.190557998280734
3.21927328464112,-0.0679824714997665,-0.00283819620346393,-0.763091276608683,28.9580949200315,-28.9175694417753,0.00283670782578355,0.190417005887392
3.22188323905343,-0.0676195124409015,-0.00181158019946276,-0.764224072282838,30.097748484312,-30.0557363751011,0.00294080175942103,0.190293636833571
3.22399706026105,-0.0673232444789049,-0.000913592073990309,-0.764878688727327,31.2373619234014,-31.1956187211426,0.002921996327246,0.19019908705479
3.22551635186204,-0.0671103594254748,-0.000224144881225335,-0.765142132968362,32.3772055567901,-32.336552964375,0.00284566458877925,0.190136697100275
3.22645848485599,-0.0669800881718691,0.000234007237653202,-0.765125322484833,33.5174198903816,-33.4779803150324,0.00276076003603597,0.190104117360206
3.22691396472408,-0.0669204689669637,0.00047826204576444,-0.764939235194612,34.6580406022862,-34.6194873089104,0.0026987243263982,0.19009558572543
3.22700846116288,-0.0669139043802147,0.000549870229297823,-0.76467941679979,35.7990297051991,-35.7608121398408,0.0026752258085851,0.190103918361501
3.22687316880766,-0.0669415695763659,0.000499877325369291,-0.764417973561634,36.9403064502606,-36.9018276189608,0.00269351590649333,0.190122012031523
3.2266246941148,-0.0669864629075548,0.000378586309751445,-0.764201647708673,38.0817736541667,-38.0425112298838,0.00274836831418941,0.190143820844279
3.22635393072063,-0.0670351168165845,0.000228908559252189,-0.764054069414824,39.2233372697549,-39.1829109415014,0.00282984213732715,0.190164844619558
3.22612230729063,-0.0670782311070282,8.30334311634906e-05,-0.763980397598808,40.3649188006439,-40.3231129695649,0.00292640766579184,0.190182229018435
3.22596336682218,-0.067110529897698,-3.83413648544767e-05,-0.76397290469632,41.5064613099086,-41.4632152609015,0.00302722312132256,0.190194603147522
0.967568147250241,-0.292564641522697,-0.268022593291007,-0.0680025161509444,0.482420778264618,2.23294781421913,0.0915145692663598,0.19
1.17894621117407,-0.538332693634016,-0.321855314397171,-0.224570133188391,0.969976503219519,1.94676571362486,0.144391545983585,0.193
1.60521229006504,-0.607397104011979,-0.210119696582021,-0.362717020920522,1.54026996338839,1.45877344663044,0.173674387672481,0.193
2.0329969578912,-0.391876266767113,-0.320743092650993,-0.468665081527789,2.27771678842736,0.851996763712195,0.197087965119997,0.193
2.33090188927855,-0.215893142658257,-0.356972794479088,-0.657179235618934,3.12145772964992,0.147153455336868,0.215463970669789,0.193
2.6585193004482,-0.139244319157905,-0.217961287727729,-0.800675463844309,3.98703943810208,-0.754631689096421,0.218178143818504,0.193
2.9465229011859,-0.0963753097514603,-0.117663765401993,-0.882361179963517,4.87408913769368,-1.84432781531164,0.20717621775912,0.193
3.15900550407845,-0.0736964870225235,-0.063330301842058,-0.92607872946227,5.78380114199761,-3.07462991543579,0.18666569453887,0.193
3.30058135979365,-0.0592035403249939,-0.0208043130709456,-0.945684366640898,6.71434773653587,-4.3981335030876,0.160329784403206,0.189078023116819
3.38589142994041,-0.0498333660394854,0.0120526688634039,-0.946615408624587,7.66939470341828,-5.77280535715789,0.131666337850398,0.184848534152329
3.42955931592728,-0.0450605812861322,0.0321781456121287,-0.934697953341887,8.65413477708697,-7.16524952621466,0.103557867201993,0.182251593616116
3.44424396312702,-0.0436037366885733,0.0423303011758276,-0.915636896071893,9.67052552911865,-8.55225411844518,0.077876201518224,0.181123658035897
3.43983823698462,-0.0441361519105709,0.0463260397227534,-0.893332135121906,10.717209309585,-9.91932495083655,0.0556075962433974,0.181052977234027
3.42345387038323,-0.0457954501240728,0.0466428908825539,-0.870121415420106,11.7910078255949,-11.2582406507825,0.0371455214173721,0.181646077174757
3.40000629301378,-0.0480986487478587,0.0445828563883911,-0.847444886116673,12.8879807543133,-12.5650643395007,0.0225142728266783,0.182626238657856
3.37290846124878,-0.0507667598459608,0.0408379519450642,-0.826276002968944,14.0039497329206,-13.8388260887408,0.0115041424155172,0.183810089345987
3.34461492554827,-0.0536130113182806,0.0358560520254503,-0.807319440307366,15.1347640545573,-15.0806822753925,0.00375266093154412,0.185070141915195
3.31696694878883,-0.0564884120370204,0.0300190962422152,-0.791080166130491,16.2764771163277,-16.2933394335871,-0.00120041630133798,0.186311892304591
3.29137476617639,-0.0592599507757729,0.0237146193780579,-0.777874803240084,17.4254920226653,-17.4805999843166,-0.00386972073795966,0.187463440568492
3.26889079067155,-0.0618060542168372,0.0173498595197988,-0.767823897970806,18.578683176166,-18.6469538159798,-0.00478632227556039,0.188471861744791
3.25022263907746,-0.0640212965616504,0.0113327536758963,-0.760846421558114,19.7334854348314,-19.7971875428176,-0.00446362223205119,0.189302383117422
3.23572539381517,-0.0658255614128251,0.00603371566702947,-0.756668983877504,20.8879426922706,-20.9360143573821,-0.00336773058418536,0.189938168910152
3.22540274088296,-0.0671737662760243,0.00174011091767238,-0.754856145797923,22.0407125611105,-22.0677453332553,-0.00189394019034761,0.190379559294724
3.218936076588,-0.0680623924927127,-0.00138306971221184,-0.754862086547348,23.191028542447,-23.196030031013,-0.000351102634127708,0.190642198187401
3.21574827782568,-0.0685289883941571,-0.00330939604048401,-0.756096021104388,24.3386253366883,-24.3236905949063,0.00104482634359751,0.190753863646404
3.21509610625367,-0.0686476622762031,-0.00415800610780248,-0.757992340441598,25.4836360656812,-25.4526616438462,0.00216784222492712,0.190750205806042
3.21617969689211,-0.0685156497848815,-0.00415914315306353,-0.760075724445847,26.6264672470512,-26.5840390306749,0.00296975236548664,0.190669900051911
3.21824731518596,-0.0682341275301109,-0.00359128300163629,-0.761999665536089,27.7676688285058,-27.7182159954927,0.00346156318750042,0.190549442688554
3.22067322369602,-0.0678924764070339,-0.0027248070845219,-0.763555005959741,28.9078200589947,-28.8550676324952,0.00369258789846871,0.190418983570382
3.2229988428841,-0.0675588091504203,-0.0017832937800821,-0.764655025639964,30.0474441180058,-29.9941450844891,0.00373088263704357,0.190300141750408
3.22493892090892,-0.067276908428128,-0.000925148167157579,-0.7653067629587,31.1869561805067,-31.1348494796062,0.00364743891291895,0.19020569150114
3.22636158106818,-0.0670680942403929,-0.000242297018156737,-0.765577922620754,32.3266427418719,-32.2765676224325,0.00350524007378915,0.190140650083584
3.2272535181017,-0.0669359506484826,0.000230033085499735,-0.765566276964493,33.4666655489545,-33.4187630284324,0.00335316534494019,0.190104162584125
3.22768053521654,-0.0668720599951894,0.000498316554089008,-0.765375472727475,34.6070816074209,-34.5610247372548,0.00322397418422849,0.190091620902823
3.22775080062606,-0.0668613490387731,0.000595442341040013,-0.765098477577953,35.7478710335924,-35.7030816780077,0.00313525081055872,0.190096603128856
3.22758500228952,-0.0668865069798043,0.000566940000623256,-0.7648082063467,36.8889662507603,-36.8447924064115,0.00309216662954486,0.190112400853693
3.22729513327379,-0.0669311913759678,0.000460188800445708,-0.764554241154711,38.030277919175,-37.986120164138,0.00309104135150361,0.19013306624097
3.22697184641599,-0.0669819555044617,0.00031725418390305,-0.76436393069339,39.17171501588,-39.1271018525716,0.00312292052113648,0.190153989428555
3.22667911860913,-0.0670291054136986,0.000170955599092684,-0.764246160814206,40.3131982736522,-40.267817323142,0.00317666598349922,0.190172085610873
3.22645441593804,-0.06706675747879,4.35115388666768e-05,-0.764196365284475,41.4546674088038,-41.4083631134664,0.00324130033868077,0.190185706030356
0.967568147250241,-0.292564641522697,-0.268022593291007,-0.0680025161509444,0.482420778264618,2.41151924279056,0.0964329360196288,0.19
1.17894621117407,-0.538332693634016,-0.321855314397171,-0.224570133188391,0.969976503219519,2.12533714219629,0.152293052968545,0.193
1.60521229006504,-0.607397104011979,-0.210119696582021,-0.362717020920522,1.54026996338839,1.63734487520187,0.183385260670263,0.193
2.0329969578912,-0.391876266767113,-0.320743092650993,-0.468665081527789,2.27771678842736,1.03056819228362,0.207896274079245,0.193
2.33090188927855,-0.215893142658257,-0.356972794479088,-0.657179235618934,3.12145772964992,0.325724883908297,0.226937908186767,0.193
2.6585193004482,-0.139244319157905,-0.217961287727729,-0.800675463844309,3.98703943810208,-0.576060260524992,0.230055805463743,0.193
2.9465229011859,-0.0963753097514603,-0.117663765401993,-0.882361179963517,4.87408913769368,-1.66575638674021,0.219298750466226,0.193
3.15900550407845,-0.0736964870225235,-0.063330301842058,-0.92607872946227,5.78380114199761,-2.89605848686436,0.198936749052681,0.193
3.30075242465648,-0.0597246087874554,-0.0235794622208652,-0.946490676884788,6.7138561232731,-4.21993415107727,0.172630463658752,0.189765836745862
3.38691576828437,-0.0503993297979761,0.00870877690920236,-0.948996066417602,7.66666422994416,-5.5964929084247,0.143732851781008,0.185478380485973
3.43197766047765,-0.0453930276066139,0.0294007039255934,-0.938598256829397,8.64730664533172,-6.9928669102242,0.115095596455452,0.182737836650178
3.44823814037574,-0.043661809932012,0.0403357248495068,-0.920696894134636,9.65831449159145,-8.38578512467671,0.0886432740528885,0.181436152159995
3.44533739193463,-0.0439637416968953,0.0450153459456395,-0.899185948418769,10.698974541827,-9.76043492305624,0.0654346714550344,0.181206002501363
3.43026201489517,-0.0454398831776883,0.0459061247416921,-0.876460597324651,11.7666150507274,-11.1082050579095,0.0459291201531828,0.181667432273825
3.40787027995821,-0.0475955239918467,0.0443525645536499,-0.854004756084379,12.8576633941285,-12.4247576424547,0.0302066128523247,0.182543680356733
3.38154327321123,-0.0501443738266484,0.0410714336557626,-0.832818322483186,13.9682037865411,-13.7087237798895,0.0181048945056917,0.183649076992187
3.35371257473358,-0.0528981850416084,0.0365124497311639,-0.813626253342092,15.0942649211136,-14.9608692224983,0.00930209193847019,0.184854385551968
3.32620449251479,-0.055710047447308,0.0310441469978775,-0.796957056215167,16.232007013664,-16.1835297321836,0.0033718129878932,0.186063703313313
3.30042769279606,-0.058450282932294,0.0250332655954596,-0.783159579274805,17.3778740006401,-17.3801741909403,-0.000174112391258494,0.187203451174106
3.27745255372703,-0.0609999931944718,0.0188656739970575,-0.772397122521596,18.5287224509857,-18.5550162830055,-0.00184851322910117,0.188218331690861
3.25802797590371,-0.0632542097388818,0.0129334887673331,-0.764640624164886,19.6819204427018,-19.7126424214504,-0.00215535739104215,0.189070373919624
3.24257324854818,-0.0651299303408794,0.00760210421080229,-0.759673757539029,20.8354080675398,-20.8576548168236,-0.00156019524750782,0.189738810049477
3.23117388363776,-0.0665753879482079,0.00316812816688549,-0.757116961122407,21.9877153183299,-21.994347309476,-0.000466012146610002,0.190219571309392
3.22360103130789,-0.0675771254082575,-0.000180012898738903,-0.756471893150455,23.1379377789718,-23.1264399613364,0.000803771997314526,0.190523790943118
3.21936335985201,-0.0681613911944745,-0.00238385090675805,-0.757181415845522,24.2856744016492,-24.2568973312307,0.00201374276498559,0.190675080671828
3.21778805782529,-0.0683896483131611,-0.00351826965600854,-0.75869448682579,25.4309358823672,-25.3878448227597,0.00301597861487311,0.190705672522085
3.21812017236704,-0.0683493110521173,-0.00377537792371189,-0.760529385000141,26.5740311396131,-26.5205868472701,0.0037408605461659,0.190651916855687
3.2196237857193,-0.0681365482408037,-0.00340972651120592,-0.762317989292643,27.7154434740402,-27.6557147436598,0.00418086560910009,0.190549483992955
3.22166338498737,-0.0678402924710374,-0.00268266077914693,-0.76382166389777,28.8557163638444,-28.7932711446342,0.00437107708387305,0.190429045811922
3.2237527078844,-0.0675315885214419,-0.00182084362709867,-0.764923070633595,29.9953635252297,-29.9329336525923,0.00437003755170997,0.19031365959158
3.22556977544834,-0.0672590192633526,-0.000993488891292122,-0.765602353243229,31.1348098758927,-31.0741869727787,0.00424357074863343,0.190217982111504
3.2269447307176,-0.0670492041894154,-0.000306677517474657,-0.765906691499195,32.274363102973,-32.2164632227714,0.00405297192045513,0.190148945135893
3.22783058438322,-0.0669105504195452,0.000190251689153538,-0.765920423010826,33.4142106277364,-33.3592412749915,0.00384784274733275,0.190107349181934
3.22826682924379,-0.0668384520781725,0.000491781159316981,-0.765740232146703,34.5544342874981,-34.5021051176712,0.00366303464299635,0.190089827550805
3.22834367336291,-0.0668204654883702,0.00062185401379825,-0.765457276496572,35.6950347652332,-35.6447672280207,0.00351872321062934,0.190090747679982
3.22817167677118,-0.0668407696008843,0.000620335394932987,-0.765146218132585,36.8359591328332,-36.7870657060734,0.00342253720793627,0.190103780444348
3.22785911361984,-0.0668835745930264,0.000531834395802295,-0.764860406337627,37.9771265587243,-37.9289446239081,0.00337273382058025,0.19012303385905
3.22749752358259,-0.0669353093841743,0.000397893496547296,-0.764631710437874,39.118449124583,-39.0704261882382,0.00336160456364945,0.190143734997351
3.22715457709544,-0.0669857352273041,0.000252348841724629,-0.764473365359472,40.259846515197,-40.2115814179035,0.00337855621584821,0.190162515599717
3.22687268415447,-0.0670282251257852,0.000119316017640115,-0.764384397577158,41.4012546582917,-41.3525039003989,0.00341255269179574,0.190177403636892
0.967568147250241,-0.292564641522697,-0.268022593291007,-0.0680025161509444,0.482420778264618,2.59009067136198,0.101351302772898,0.19
1.17894621117407,-0.538332693634016,-0.321855314397171,-0.224570133188391,0.969976503219519,2.30390857076772,0.160194559953505,0.193
1.60521229006504,-0.607397104011979,-0.210119696582021,-0.362717020920522,1.54026996338839,1.8159163037733,0.193096133668045,0.193
2.0329969578912,-0.391876266767113,-0.320743092650993,-0.468665081527789,2.27771678842736,1.20913962085505,0.218704583038493,0.193
2.33090188927855,-0.215893142658257,-0.356972794479088,-0.657179235618934,3.12145772964992,0.504296312479725,0.238411845703745,0.193
2.6585193004482,-0.139244319157905,-0.217961287727729,-0.800675463844309,3.98703943810208,-0.397488831953564,0.241933467108982,0.193
2.9465229011859,-0.0963753097514603,-0.117663765401993,-0.882361179963517,4.87408913769368,-1.48718495816878,0.231421283173331,0.193
3.15900550407845,-0.0736964870225235,-0.063330301842058,-0.92607872946227,5.78380114199761,-2.71748705829293,0.211207803566492,0.193
3.30092214630706,-0.0602468895655983,-0.026358529941611,-0.947295768642914,6.71336520502613,-4.04173361509167,0.184931274443674,0.190453650374905
3.38793693956195,-0.0509717832690382,0.0053307676740222,-0.951384059232328,7.66392591305194,-5.42017720738521,0.155799044333792,0.186108299160775
3.43439484467633,-0.0457322930566041,0.0265834814653867,-0.942525814472009,8.64042771185376,-6.82048674845961,0.126629597792511,0.183223837161748
3.45223434367322,-0.0437207169421732,0.038324744545895,-0.925798099511249,9.64596914912647,-8.21933501926538,0.0993996230569078,0.181746756618985
3.45083664431111,-0.0437870250915259,0.0437104231866257,-0.905082985592117,10.6804953489069,-9.60158344450119,0.0752419384595598,0.181354993785044
3.43706111358248,-0.0450779981917115,0.0451864448169446,-0.882836819096507,11.7418554093331,-10.9582225284511,0.054683323793094,0.181683254624304
3.41571095988756,-0.0470865990089873,0.0441413538726278,-0.86059242655464,12.8268531854348,-12.2845091280469,0.0378603806976798,0.182454858856422
3.39013930111936,-0.0495180983070324,0.0413203303100722,-0.839379798077518,13.9318402920517,-13.5786756518464,0.0246586255715983,0.183481547487177
3.36275860844263,-0.0521818186608911,0.0371780969663349,-0.819946118868806,15.0530280440867,-14.8411005641441,0.0147967732767672,0.184632053715539
3.33538304556995,-0.0549322263151589,0.0320722386559134,-0.802844014462784,16.1866864116368,-16.0737534277024,0.00788216953712606,0.185808912516423
3.3094209882544,-0.0576424900969867,0.0263505811646082,-0.788454081673975,17.3293031678465,-17.2797737605671,0.00345302379144185,0.186936806607036
3.28596037854207,-0.0601961218943773,0.0203789059418495,-0.776981122619779,18.4777199483619,-18.4631015827829,0.00101477310369195,0.18795807831673
3.26578946614496,-0.0624885976955386,0.0145340244148085,-0.768446348147856,19.6292405086595,-19.6281232706639,7.30435754391864e-05,0.18883161331131
3.2493887341804,-0.0644342863712994,0.00917587699397947,-0.76268878366934,20.7817028661731,-20.7793276640527,0.000163132579530045,0.189532787414646
3.23692216304397,-0.0659752243940856,0.00460891244124148,-0.759383498170649,21.9335102220851,-21.9209868479092,0.00087473679976405,0.190053201131022
3.22824782522278,-0.0670885362375495,0.0010433959552273,-0.758079225815326,23.0836200888583,-23.0568856938191,0.00187025561292562,0.190399538950105
3.22295838518051,-0.0677894916656682,-0.00143138483315568,-0.758252439812651,24.2314949012391,-24.1901251450685,0.00289518418446861,0.190591272187227
3.22045122410394,-0.0681279572981908,-0.00285106863201751,-0.759368678902053,25.3770211677531,-25.3230165038424,0.00377990266197904,0.190657223494995
3.22001840014557,-0.0681812040810609,-0.00336872350583749,-0.760942638362545,26.5204064432849,-26.4570714127467,0.00443319508284408,0.190631354371854
3.22094304547239,-0.0680397628029191,-0.00321304818760328,-0.762586625001566,27.6620626588375,-27.5930814495368,0.00482852873940949,0.190548305964575
3.22258299510392,-0.0677914857839608,-0.00263422447158022,-0.764033538759341,28.8024928458542,-28.7312614124918,0.00498610577018049,0.190439093265253
3.22442654277279,-0.0675098728309535,-0.00186023982254042,-0.765135467055419,29.9421973411391,-29.8714212012967,0.00495427243228115,0.190328093803895
3.2261160545218,-0.0672480489362517,-0.00107000875376656,-0.765844999258167,31.0816080441101,-31.0131349462474,0.00479308206180182,0.190231796952664
3.22744369658301,-0.0670378781618915,-0.00038332238561841,-0.766187760436538,32.2210523204958,-32.1558850501288,0.00456168782534461,0.19015905891785
3.22832803431892,-0.0668926801383612,0.000136299925599901,-0.766233545691581,33.3607428609467,-33.299169348195,0.00431013309461773,0.190112387273039
3.2287810780649,-0.0668118244867726,0.000470985013913765,-0.766071088609011,34.5007867640929,-34.4425688837307,0.00407524386296957,0.190089729289367
3.22887379604336,-0.0667856871547036,0.000635211563639855,-0.765788972198904,35.6412062325865,-35.5857804124518,0.00387980270130354,0.190086317577324
3.22870545381943,-0.0668001137261222,0.000662651483067633,-0.765463105705766,36.7819641679692,-36.7286212188847,0.00373400358029245,0.190096269554232
3.22837968198647,-0.0668400079146822,0.000594690934463778,-0.765150348915859,37.9229894251431,-37.8710151028925,0.00363820082552339,0.190113800618509
3.22798827250961,-0.0668917730266614,0.000472004546233975,-0.764887031182374,39.064198216322,-39.0129680654105,0.00358610951328081,0.190134008663892
3.22760223710853,-0.0669446840536483,0.000329212702303505,-0.76469081664374,40.2055099747721,-40.1545406540662,0.00356785181223525,0.190153259819543
3.22726881814341,-0.0669913949406337,0.000192198377205413,-0.764564491934959,41.3468573858083,-41.2958219499422,0.00357248012415481,0.190169263740089
0.967568147250241,-0.292564641522697,-0.268022593291007,-0.0680025161509444,0.482420778264618,2.76866209993341,0.106269669526167,0.19
1.17894621117407,-0.538332693634016,-0.321855314397171,-0.224570133188391,0.969976503219519,2.48247999933914,0.168096066938465,0.193
1.60521229006504,-0.607397104011979,-0.210119696582021,-0.362717020920522,1.54026996338839,1.99448773234472,0.202807006665827,0.193
2.0329969578912,-0.391876266767113,-0.320743092650993,-0.468665081527789,2.27771678842736,1.38771104942648,0.229512891997741,0.193
2.33090188927855,-0.215893142658257,-0.356972794479088,-0.657179235618934,3.12145772964992,0.682867741051154,0.249885783220723,0.193
2.6585193004482,-0.139244319157905,-0.217961287727729,-0.800675463844309,3.98703943810208,-0.218917403382135,0.253811128754221,0.193
2.9465229011859,-0.0963753097514603,-0.117663765401993,-0.882361179963517,4.87408913769368,-1.30861352959735,0.243543815880437,0.193
3.15900550407845,-0.0736964870225235,-0.063330301842058,-0.92607872946227,5.78380114199761,-2.53891562972151,0.223478858080303,0.193
3.30109051748088,-0.0607703642886027,-0.0291413800814414,-0.94809962315937,6.71287498968808,-3.86353189132672,0.197232217576775,0.191141464003948
3.38895480475513,-0.0515501664167794,0.00192159541587074,-0.953778793041755,7.66118001307314,-5.24385800778726,0.167864950969606,0.186738290627075
3.4368099732048,-0.0460783833259485,0.0237266713546833,-0.946479333743531,8.63349950795629,-6.64810717069079,0.138160109320501,0.183709614244896
3.45623091632993,-0.0437806600868235,0.0362968091893559,-0.93093937458724,9.63349176946438,-8.05289942589517,0.110145713614252,0.182055584641472
3.45633385469104,-0.0436062063308074,0.042410705301329,-0.911022392076806,10.6617738314116,-9.44276329148506,0.0850300499560927,0.181500087827588
3.44384888636381,-0.0447100276996197,0.0444830715825713,-0.889249557113233,11.7167302394888,-10.8082830311806,0.0634089281883584,0.181693670668725
3.4235263175005,-0.0465721586031034,0.0439480466579956,-0.86720786619308,12.7955503138154,-12.1443064093158,0.0454764564408692,0.182359885525551
3.39869522109216,-0.0488882353352068,0.0415831347804527,-0.845961076617239,13.894857917485,-13.4486678424458,0.0311662127271203,0.183307586948299
3.37175275217618,-0.051464164367839,0.0378513907496413,-0.826280465703119,15.0110501838048,-14.7213621876179,0.0202374660592523,0.184403188779482
3.34450358980984,-0.0541550863308279,0.0331019451985865,-0.808743225334482,16.1405097958423,-15.9639975564933,0.0123311747935918,0.185547499969029
3.31835690684833,-0.0568365553342296,0.0276655385668999,-0.793761100107501,17.2797714750042,-17.1793882479905,0.00701185552497186,0.186663413106849
3.29441762770872,-0.059394261568166,0.0218890472490695,-0.78157905861102,18.4256650052939,-18.3712029355696,0.00380326489474143,0.187690933141939
3.27351128695606,-0.0617241421385826,0.0161343838170673,-0.772266859680273,19.5754324960378,-19.5436277605936,0.00222082419122007,0.188585867929622
3.25617648740829,-0.0637382111991236,0.0107555203555033,-0.765717186902411,20.7268118260974,-20.7010353734893,0.00180101134240746,0.1893198208578
3.24265231922778,-0.0653727991834593,0.00606331475396374,-0.761658537111832,21.8780803886499,-21.8476711548193,0.00212662034941557,0.189880144142714
3.23288098171847,-0.0665962039583355,0.00228781084668111,-0.759686399356582,23.0280575446961,-22.9873787276901,0.00284628834794541,0.190269135520975
3.22653758037096,-0.0674129452226879,-0.000451437292239571,-0.759311273579933,24.1760681328155,-24.123389472641,0.00368676088158422,0.190502148416662
3.22308947137212,-0.0678621018167025,-0.00215505596664521,-0.760016600874313,25.3218727535214,-25.2581955825474,0.00445694990229349,0.190604574310899
3.22187757043973,-0.0680108020151476,-0.00293741829054788,-0.761316380084972,26.4655741258549,-26.3935141083488,0.00504392703360549,0.190607942005469
3.22220728042929,-0.0679433066905978,-0.00299945607964392,-0.762805577650436,27.60750812678,-27.5303387145666,0.00540169254920006,0.190545684917336
3.22343304022136,-0.0677457264464845,-0.00257797969106881,-0.764189814097997,28.7481325501426,-28.669060928361,0.00553491265518309,0.190448967385257
3.22502012308519,-0.0674934990124397,-0.00190041381294319,-0.765290763592462,29.8879302425165,-29.8096289235403,0.0054810311478703,0.190343355685751
3.22657647790374,-0.0672439963028137,-0.00115413641982552,-0.766032853947536,31.0273371107728,-30.951712379741,0.00529369406439626,0.190247110803737
3.22785640496412,-0.0670342465648422,-0.000472107097657917,-0.766419121941261,32.1666984994946,-32.0948492931862,0.00502942193455392,0.190171016161483
3.22874330335399,-0.066882559957156,6.79589975275218e-05,-0.766503671615314,33.3062518297198,-33.2385603962879,0.00473838668902621,0.190119335031807
3.22922051433601,-0.0667924450491653,0.000435485732756935,-0.76636624156409,34.4461298161851,-34.3824261703899,0.00445924692578763,0.190091401711687
3.22933843660135,-0.0667572927401277,0.000634964630204825,-0.766092016278913,35.5863771135894,-35.5261285818202,0.00421739220184403,0.19008339246467
3.22918380750916,-0.0667648023638046,0.000693319839225146,-0.765757601358746,36.7269736558214,-36.6694638610531,0.00402568258778294,0.19008994224812
3.22885462144811,-0.0668007224321632,0.000648232801273839,-0.765423073627332,37.8678592090645,-37.8123344843935,0.00388672887947675,0.190105429322359
3.22844222939827,-0.066851538039813,0.000539139524637951,-0.765129138747105,39.0089551982972,-38.9547287339019,0.00379585138711221,0.190124859589821
3.22802058710882,-0.0669061028794277,0.000401191840974778,-0.764897958482798,40.1501816571481,-40.0966950097962,0.00374406463497649,0.190144353823173
3.22764162719286,-0.066956380457261,0.000261895767260906,-0.764736243903345,41.2914686227633,-41.2383162730245,0.00372066406948412,0.190161309855681
0.967568147250241,-0.292564641522697,-0.268022593291007,-0.0680025161509444,0.482420778264618,2.94723352850484,0.111188036279436,0.19
1.17894621117407,-0.538332693634016,-0.321855314397171,-0.224570133188391,0.969976503219519,2.66105142791057,0.175997573923425,0.193
1.60521229006504,-0.607397104011979,-0.210119696582021,-0.362717020920522,1.54026996338839,2.17305916091615,0.212517879663608,0.193
2.0329969578912,-0.391876266767113,-0.320743092650993,-0.468665081527789,2.27771678842736,1.56628247799791,0.24032120095699,0.193
2.33090188927855,-0.215893142658257,-0.356972794479088,-0.657179235618934,3.12145772964992,0.861439169622583,0.261359720737701,0.193
2.6585193004482,-0.139244319157905,-0.217961287727729,-0.800675463844309,3.98703943810208,-0.0403459748107067,0.26568879039946,0.193
2.94652290118484,-0.0963753097521421,-0.11766376540447,-0.882361179962432,4.87408913769517,-1.13004210102492,0.255666348587724,0.193
3.15900550407747,-0.0736964870228605,-0.0633303018432512,-0.926078729462071,5.78380114199928,-2.36034420114827,0.235749912594361,0.193
3.30125753099948,-0.0612950145814566,-0.0319278770042265,-0.948902221866102,6.71238548508035,-3.68532897606593,0.209533293865709,0.191829277633036
3.38996925797427,-0.0521337790966794,-0.00151465269245532,-0.956179821594041,7.65842670509755,-5.06753512823816,0.179930596642229,0.187368355328959
3.43922211367453,-0.0464311862878236,0.0208310331124399,-0.950457230731825,8.62652371643303,-6.47572624897379,0.149687383791059,0.184195181220371
3.46022596939212,-0.0438418366233553,0.0342515126755582,-0.936119130050205,9.62088534285518,-7.8864734605902,0.120882096920732,0.182362762763968
3.46182649877812,-0.0434215371493281,0.0411155656800568,-0.917002850217093,10.6428134076218,-9.28396612827298,0.0947998287257303,0.181641461410874
3.45062259449752,-0.0443362712290918,0.0437950724426672,-0.895697882189094,11.691242694378,-10.6583747896694,0.0721069784118066,0.181698857338785
3.43131387288641,-0.0460525577549206,0.0437712749765275,-0.873850725646047,12.7637571340998,-12.0041347739915,0.0530560347788466,0.182258923763629
3.40720928321607,-0.0482551515111993,0.0418581454755398,-0.852562583419174,13.857257696657,-13.3186836836306,0.0376288951033696,0.183127329922462
3.3806943675549,-0.0507455296546529,0.0385305453255265,-0.832630594704706,14.96833050998,-14.601636814615,0.0256253216471009,0.18416787491743
3.35356681656565,-0.0533788113473704,0.034131671195629,-0.814656832080331,16.0934739699687,-15.8542457576331,0.0167197502801034,0.185279479354221
3.3272374938609,-0.0560325003952533,0.0289769486361927,-0.799083464324648,17.2292729906536,-17.0790037092725,0.0105029436828161,0.186383201830506
3.30282754732818,-0.0585942656549801,0.0233954316657199,-0.786194209503407,18.3725487963506,-18.2793100938139,0.00651706169248728,0.187416743885497
3.28119760577677,-0.0609605494400777,0.0177344388618309,-0.776105619795044,19.5204847744468,-19.4591502584908,0.0042875646214271,0.18833291208946
3.26294125486751,-0.0630413007425673,0.0123413883018768,-0.768762356595599,20.6707208365416,-20.6227774121721,0.00335249059444165,0.189099629695541
3.24836932654805,-0.0647676361525116,0.00753208978293252,-0.763945178941482,21.8214097321152,-21.7744048413398,0.00328818970938799,0.189700087516229
3.23750537086921,-0.0660996123441938,0.00355431359202248,-0.761296049225907,22.9712326953064,-22.9179284603249,0.00372999080357663,0.190132259042943
3.23010546363249,-0.067031410616096,0.000556378532604741,-0.760360200689854,24.1193758094984,-24.0567039237328,0.00438624008979277,0.190407400087273
3.22570692584371,-0.0675916064303666,-0.00142900237937356,-0.760640120461704,25.2654717896624,-25.1933994016319,0.00504458684213366,0.190547436647598
3.22370116023195,-0.0678375689692883,-0.00247973974716059,-0.761651726634159,26.4095153227531,-26.3299350947898,0.00557032462862465,0.190581402718277
3.22341899212321,-0.0678466889569887,-0.00276712601196942,-0.762975072968208,27.5517616366967,-27.4675082727018,0.00589755877979283,0.190541385124677
3.22421482622347,-0.0677026482069166,-0.00251232744880335,-0.764289864530475,28.6926184110201,-28.6066916515249,0.00601476599078718,0.190458495014574
3.22553351763285,-0.0674822657156737,-0.00194019532808155,-0.765387653605036,29.8325467100859,-29.7475777635322,0.00594776125451637,0.190359341905037
3.22695000841828,-0.067246826199706,-0.00124520051135836,-0.766164164340901,30.9719832621546,-30.88993822059,0.00574311348245257,0.19026388569459
3.22818096307679,-0.0670384134860146,-0.000572823259144953,-0.766598816996357,32.1112894978098,-32.0333722528709,0.0054541832320037,0.190184831788091
3.22907394518395,-0.0668803920449446,-1.49268106296275e-05,-0.766728839994485,33.2507268851201,-33.1774277595507,0.0051309242854506,0.190128244036376
3.22958243360797,-0.0667805718299416,0.000384879552813266,-0.766623878389942,34.3904540242585,-34.3216873320975,0.00481365965390466,0.190094916740996
3.22973488255132,-0.0667355575727468,0.000620581579569996,-0.766364834594748,35.5305389236893,-35.4658192969618,0.00453036853505128,0.190082050666922
3.22960420145956,-0.0667350994400463,0.000711776578260785,-0.76602840633687,36.6709797671324,-36.6095987279882,0.00429666950372383,0.190084872867326
3.22928168660818,-0.0667659526407405,0.000691929967857058,-0.765677554460474,37.8117284997179,-37.752905789605,0.00411758774494097,0.190097983959522
3.22885749357183,-0.066814800562847,0.000598841359452917,-0.76535725180488,38.9527128964896,-38.8957095383081,0.00399023388210821,0.190116338507856
3.22840807721538,-0.0668701474196499,0.000467919739981621,-0.765094212731578,40.0938544990101,-40.0380445184885,0.00390669791437907,0.190135834762689
3.22798988529797,-0.0669232995511011,0.000328134214780919,-0.764899232648012,41.2350813396517,-41.1799859027064,0.00385668014817333,0.190153566911854
0.967568147250241,-0.292564641522697,-0.268022593291007,-0.0680025161509444,0.482420778264618,3.12580495707627,0.116106403032705,0.19
1.17894621117407,-0.538332693634016,-0.321855314397171,-0.224570133188391,0.969976503219519,2.839622856482,0.183899080908385,0.193
1.60521229006504,-0.607397104011979,-0.210119696582021,-0.362717020920522,1.54026996338839,2.35163058948758,0.22222875266139,0.193
2.0329969578912,-0.391876266767113,-0.320743092650993,-0.468665081527789,2.27771678842736,1.74485390656934,0.251129509916238,0.193
2.33090188927855,-0.215893142658257,-0.356972794479088,-0.657179235618934,3.12145772964992,1.04001059819401,0.272833658254679,0.193
2.6585193004482,-0.139244319157905,-0.217961287727729,-0.800675463844309,3.98703943810208,0.138225453760721,0.277566452044699,0.193
2.9465229011859,-0.0963753097514603,-0.117663765401993,-0.882361179963517,4.87408913769368,-0.951470672454493,0.267788881294649,0.193
3.15900550407845,-0.0736964870225235,-0.063330301842058,-0.92607872946227,5.78380114199761,-2.18177277257865,0.248020967107925,0.193
3.3014231797737,-0.061820822066521,-0.0347178856005959,-0.949703546382058,6.71189669894605,-3.50712486568997,0.22183450410584,0.192517091262034
3.39098021227305,-0.0527221837980482,-0.00497510832139053,-0.958586948829468,7.65566609079321,-4.89120844118187,0.191995997397338,0.18799849370425
3.44163046432953,-0.0467905194416232,0.0178975963506415,-0.954458037590126,8.61950173667505,-6.3033423403746,0.161211634166936,0.184680546515616
3.46421773852715,-0.0439044089851798,0.0321885809087132,-0.941335795884246,9.60815259955713,-7.72005264091151,0.131609277865151,0.182668400093145
3.46731213908055,-0.0432332566549658,0.0398244289412839,-0.923023019800132,10.6236173502575,-9.12518405195981,0.104552057062226,0.181779285742365
3.4573795497175,-0.0439570253894143,0.0431215300693233,-0.90218082801997,11.6653959193375,-10.5084864373211,0.0807784902987661,0.181698992451649
3.43907116645352,-0.0455281515724967,0.0436096746701067,-0.880520614954424,12.7314761167234,-11.863979864067,0.0606002937025817,0.182152141133208
3.41567972722408,-0.0476192132138717,0.0421436681148142,-0.859184701063514,13.8190408639688,-13.1887067829336,0.0440479065811332,0.182940916387037
3.38958276807865,-0.0500262215099527,0.039213787947546,-0.838997759002538,14.9248684266471,-14.4819073421698,0.0309614955303486,0.183926201768332
3.36257332431551,-0.0526035872065563,0.0351598298938927,-0.820586924601452,16.045575951347,-15.7444817252662,0.0210488286197145,0.185004869251125
3.33606465818954,-0.0552303548889733,0.0302836113845892,-0.804423951077075,17.1778019249089,-16.9786061240421,0.0139268643989411,0.186096107975669
3.31119321775132,-0.0577960030574268,0.0248973513046141,-0.790829814414063,18.3183625206509,-18.1874126095175,0.00915627879513318,0.18713536110956
3.28885242125254,-0.0601975478370358,0.0193339880503385,-0.779966078544904,19.4643855845904,-19.3746848402481,0.00627285640284583,0.188072521137853
3.26968764373293,-0.062343175154406,0.0139337406048362,-0.771827713195601,20.6134154783783,-20.5445529232311,0.00481662097761767,0.188871931623999
3.25407807883354,-0.0641592801882411,0.00901589632980514,-0.766246603259994,21.7634816651788,-21.7011922372055,0.00435798068706548,0.189512713336267
3.24212585972244,-0.0655982575566759,0.0048439110342296,-0.762910932180235,22.9131273953013,-22.8485441276073,0.00451944629080061,0.189988578889077
3.233666577582,-0.0666444574744116,0.00159280036723478,-0.761401452327883,24.061398868973,-23.9900820220144,0.00499134079013654,0.190306705116408
3.22830768516814,-0.0673160291674407,-0.000671818356592472,-0.761241101558936,25.2077986684871,-25.1286451777984,0.00554023577409582,0.190485514289175
3.22549264019392,-0.0676609863645517,-0.00199404644137292,-0.761949844800151,26.352210350886,-26.2663544415862,0.00600960518519183,0.190551459280684
3.22458071686918,-0.067749418826053,-0.00251425099976635,-0.763095409999233,27.494804043884,-27.4046118479429,0.00631326662191286,0.190535164964808
3.22492972232923,-0.0676618731176033,-0.00243563764070777,-0.764333133081128,28.6359323806535,-28.5441756276043,0.00642285923522393,0.190467494049456
3.22596686320259,-0.0674759548159709,-0.00197835697644574,-0.765424875864081,29.7760301873415,-29.6852888342367,0.00635182588930893,0.190375939268417
3.22723565977894,-0.067256487382592,-0.00134246707901738,-0.766237192606669,30.9155316216038,-30.8278316343937,0.00613895735840139,0.190282074621508
3.22841549878604,-0.0670504711641664,-0.000685208399429558,-0.766724872699374,32.0548121118105,-31.9714704574805,0.00583389048268884,0.190200513602466
3.22931750012223,-0.0668863720214971,-0.000112472620189476,-0.766907053330537,33.1941563385483,-33.1157849762227,0.00548598000518276,0.190139161086278
3.2298640869664,-0.0667764618059318,0.000318785628024199,-0.766842134181043,34.3337489636525,-34.2603628603866,0.00513701791375502,0.190100343761506
3.2300603531358,-0.0667207603621835,0.000591538381954206,-0.766605793628553,35.4736822123035,-35.4048601739948,0.00481753703185626,0.190082369849974
3.22996401618618,-0.0667112751009269,0.000717454714813809,-0.766274161790351,36.613973744181,-36.5490308783417,0.00454599718200852,0.190081136410643
3.2296585424603,-0.066735940692583,0.000725242817801735,-0.765912708742384,37.7545889905168,-37.6927319092073,0.00432999361324114,0.190091529934177
3.22923207484287,-0.0667817648085881,0.000650640095512168,-0.765570538125664,38.895463267494,-38.835911603217,0.0041686152387597,0.190108497896278
3.22876307279034,-0.0668369812139618,0.000529015884927153,-0.765278957116854,40.0365205878798,-39.9785889119762,0.00405521654864047,0.190127741574697
3.22831228935209,-0.0668922772755276,0.000390626044949874,-0.76505300013116,41.1776876725285,-41.1208294987405,0.00398007170140059,0.190146061482372
0.967568147250241,-0.292564641522697,-0.268022593291007,-0.0680025161509444,0.482420778264618,3.3043763856477,0.121024769785974,0.19
1.17894621117407,-0.538332693634016,-0.321855314397171,-0.224570133188391,0.969976503219519,3.01819428505343,0.191800587893345,0.193
1.60521229006504,-0.607397104011979,-0.210119696582021,-0.362717020920522,1.54026996338839,2.53020201805901,0.231939625659172,0.193
2.0329969578912,-0.391876266767113,-0.320743092650993,-0.468665081527789,2.27771678842736,1.92342533514077,0.261937818875486,0.193
2.33090188927855,-0.215893142658257,-0.356972794479088,-0.657179235618934,3.12145772964992,1.21858202676544,0.284307595771657,0.193
2.6585193004482,-0.139244319157905,-0.217961287727729,-0.800675463844309,3.98703943810208,0.31679688233215,0.289444113689938,0.193
2.9465229011859,-0.0963753097514603,-0.117663765401993,-0.882361179963517,4.87408913769368,-0.772899243883065,0.279911414001755,0.193
3.15900550407845,-0.0736964870225235,-0.063330301842058,-0.92607872946227,5.78380114199761,-2.00320134400722,0.260292021621736,0.193
3.3015386612971,-0.0621906690659323,-0.0366787553296039,-0.950265379110584,6.71155395933667,-3.32881061243315,0.234153647604378,0.193
3.39173260474068,-0.0532740270797901,-0.00814046553327143,-0.960489283657785,7.65359193980579,-4.7143075010651,0.204149648298867,0.18863849537154
3.44358213279847,-0.0471983782794379,0.0149254549828382,-0.957903858007536,8.61381107359985,-6.12970362993468,0.172916912839461,0.185205482762188
3.46764447663658,-0.0440462023188416,0.0299531306499717,-0.946057922653291,9.597293222876,-7.55164140034464,0.142606923934928,0.18302947791227
3.47220776876856,-0.0431267920503669,0.0383278794826199,-0.928645235427411,10.6066675858979,-8.96372062112854,0.11464922072532,0.18197535174448
3.46357850879688,-0.043653161795291,0.0422406612550664,-0.908368802844619,11.6420009901954,-10.3553230309486,0.0898508851803249,0.181753609431462
3.44633887246861,-0.0450707278981757,0.0432450148019144,-0.886997235266392,12.7017066315289,-11.7200814887144,0.0685824024590203,0.182093376486519
3.42375334112373,-0.0470413044330975,0.042232385084808,-0.865712427381056,13.7832740662658,-13.0546593319964,0.0509233590246713,0.182794878762299
3.39818440530717,-0.0493551940396483,0.0397102578494891,-0.845365244413089,14.8836985829572,-14.3579298695701,0.0367554861994191,0.183716646234059
3.37141495862715,-0.0518656823803915,0.0360175228505806,-0.826605386036305,15.9997412430019,-15.6304429045274,0.0258215738647205,0.184753837897345
3.34485468757146,-0.0544532023028241,0.0314440075430225,-0.809930666588535,17.1281193439788,-16.8740506831275,0.0177670289499723,0.185824122525887
3.31964811183763,-0.0570092707160645,0.0262853408325416,-0.795695350059125,18.2656683925284,-18.0916025652352,0.0121738254271961,0.186861078990125
3.29671314194687,-0.0594321029264934,0.0208587654084626,-0.784102323372875,19.4094829189165,-19.2866571728813,0.00859126231573353,0.187812089509972
3.27673843914131,-0.0616290923726235,0.0154944351068302,-0.775194226693501,20.5570305345448,-20.4631917008311,0.00656475170602052,0.188638281560055
3.26016412411927,-0.063523098083294,0.0105109853146453,-0.768853182197021,21.7062318346561,-21.6253099194364,0.00566212816814973,0.189314982280445
3.24716591510785,-0.0650600371386568,0.00618281095773333,-0.764814923149185,22.8555015808855,-22.7769643521246,0.00549614676282819,0.189831794639472
3.23765744209986,-0.0662153411621489,0.00270723505339293,-0.762699329521181,24.0037505230843,-23.9217150203781,0.00574160010930535,0.190191816635481
3.23131876584286,-0.0669970143438351,0.000180415058762362,-0.762055148361268,25.1503507393435,-25.0625474282089,0.00614569495118582,0.190409806678704
3.22765125121803,-0.0674435985743085,-0.00140960808982935,-0.762412447111377,26.2950703443271,-26.201766559096,0.00653093936339463,0.1905093321685
3.22605100769876,-0.0676171619653791,-0.00217122199963777,-0.76333320770762,27.4379865435585,-27.3409724178088,0.00679079131440625,0.190519169174274
3.22588859120448,-0.0675936227483762,-0.00228529037642669,-0.764453346070851,28.5793869191328,-28.4811111727193,0.00687918246637513,0.190469465541226
3.22658181853333,-0.067449956814399,-0.00196270028169656,-0.765507726983029,29.7196698803311,-29.6225855174307,0.00679583275122501,0.190388154699303
3.22764872174668,-0.0672534556508987,-0.00140532109523809,-0.766334353617548,30.859258138105,-30.7653970111093,0.00657023482415002,0.190298116779986
3.22873464005045,-0.0670554084568407,-0.000779637103607282,-0.766862459338566,31.9985344011944,-31.909293100027,0.00624686435461889,0.19021571277767
3.22961504723342,-0.0668891655012656,-0.000204339627514995,-0.76709126428109,33.1378022741009,-33.0538979479201,0.00587328662184503,0.190150657982965
3.23018030361724,-0.0667715516364712,0.000250451595105931,-0.767065776614822,34.2772704343253,-34.1988146490243,0.0054918951387157,0.190106875464705
3.23041005527334,-0.0667062696438185,0.000556220800616904,-0.766854401375776,35.4170550558525,-35.3436944569791,0.00513523595751661,0.190083899015371
3.23034430037896,-0.0666879356540036,0.000715839489356996,-0.766530998602375,36.5571942206403,-36.4882748178673,0.00482435457699325,0.190078432207276
3.2300561989442,-0.0667060169029601,0.000752277041963022,-0.766162314052238,37.6976684464143,-37.6323916041305,0.00456937676597312,0.190085777038588
3.22962977148014,-0.066748148534181,0.000698299343872099,-0.765800820129119,38.8384223814778,-38.7759727752383,0.00437147110610365,0.190100979932789
3.22914389307592,-0.0668025240192508,0.000588495848232408,-0.765482062383308,39.9793841639204,-39.9190208523383,0.00422543100366232,0.19011962072537
3.22866258401582,-0.0668593643587822,0.000453875097955024,-0.765225272190903,41.1204805272811,-41.0615905475488,0.00412229809173529,0.190138251498962
0.967568147250241,-0.292564641522697,-0.268022593291007,-0.0680025161509444,0.482420778264618,3.48294781421913,0.125943136539243,0.19
1.17894621117407,-0.538332693634016,-0.321855314397171,-0.224570133188391,0.969976503219519,3.19676571362486,0.199702094878304,0.193
1.60521229006504,-0.607397104011979,-0.210119696582021,-0.362717020920522,1.54026996338839,2.70877344663044,0.241650498656954,0.193
2.0329969578912,-0.391876266767113,-0.320743092650993,-0.468665081527789,2.27771678842736,2.1019967637122,0.272746127834734,0.193
2.33090188927855,-0.215893142658257,-0.356972794479088,-0.657179235618934,3.12145772964992,1.39715345533687,0.295781533288635,0.193
2.6585193004482,-0.139244319157905,-0.217961287727729,-0.800675463844309,3.98703943810208,0.495368310903579,0.301321775335177,0.193
2.9465229011859,-0.0963753097514603,-0.117663765401993,-0.882361179963517,4.87408913769368,-0.594327815311636,0.292033946708861,0.193
3.15900550407845,-0.0736964870225235,-0.063330301842058,-0.92607872946227,5.78380114199761,-1.82462991543579,0.272563076135547,0.193
3.3015386612971,-0.0621906690659323,-0.0366787553296039,-0.950265379110584,6.71155395933667,-3.15023918386172,0.246514785147596,0.193
3.39188216072608,-0.0537309505296156,-0.0105651959262853,-0.961189373956933,7.65315046901303,-4.53606045162637,0.216511814466559,0.189301593763404
3.44446512784459,-0.0477122085813374,0.011913472291329,-0.960003441270401,8.61134363772156,-5.95311525055637,0.185054294241457,0.18582410538281
3.46975014800745,-0.0443757550381392,0.0273226978669738,-0.949560773013714,9.59106701081264,-7.37854125154983,0.154257115103906,0.183523954599521
3.47573512430501,-0.0432205514522129,0.0363294961199402,-0.933278467440878,10.5953988597082,-8.79593902243754,0.125586328810485,0.18231426618642
3.46850440720563,-0.043534789673733,0.040846848656813,-0.91382161669913,11.6249547042051,-10.1944539411017,0.099907082925712,0.181943923293814
3.45251636463803,-0.0447760146141104,0.0423848556134819,-0.89298877384082,12.6786132757788,-11.5673967788985,0.0776468836889975,0.182155731203899
3.43097196590579,-0.0466011514677609,0.0418525753166408,-0.871993363868783,13.754224577438,-12.9110819437359,0.0589361187021167,0.182752244566093
3.40619728025105,-0.0487957605347829,0.0397732049346167,-0.851708493958237,14.849056193806,-14.22402546937,0.0437012836182368,0.183591423441665
3.37995022692825,-0.051211807473307,0.0364873566517918,-0.83280187339564,15.9600679154652,-15.5064203604807,0.0317244763978648,0.184567646638972
3.35362375372198,-0.0537310632072463,0.0322749511650135,-0.815791588469083,17.0841096688276,-16.7597733304033,0.0226848307322104,0.185597820209707
3.32835671827577,-0.0562475657771777,0.0274150671029915,-0.8010588855304,18.2180877669411,-17.9866144999604,0.0161917787061998,0.186614418703783
3.30507695220695,-0.0586618117531365,0.0222068116997754,-0.788842289683006,19.3591104859411,-19.1902272134088,0.0118149449649155,0.187563062922305
3.28450205618262,-0.0608819976959327,0.0169654107140506,-0.77922826285367,20.5046091587023,-20.3743746419598,0.00911224074677334,0.188402330377604
3.26712078521074,-0.0628293464157537,0.0120020594909918,-0.772148228140125,21.6524276243644,-21.5430214357296,0.00765590068103476,0.189104259928268
3.25317424455855,-0.0644451775862136,0.0075943692786567,-0.767388151988197,22.8008748248378,-22.7000630603287,0.00705528746254727,0.189654625001182
3.24265166751452,-0.0656974668973911,0.0039547406696021,-0.764613448797542,23.9487389586999,-23.849083310417,0.00697496371651195,0.190052457763884
3.23530980391561,-0.066584728610163,0.00120480144195437,-0.763408147231261,25.0952651300566,-24.9931621689321,0.00714664219636067,0.190308586312808
3.23071794502867,-0.0671355588665767,-0.000636502727892502,-0.763323334040073,26.2401014091876,-26.1347520176179,0.00737411467010824,0.190443171349742
3.22832327868698,-0.0674030661176458,-0.00164562209262678,-0.763926569919938,27.3832210034049,-27.2756309897375,0.00753109307453386,0.190482441970379
3.22752548431523,-0.0674562868217116,-0.0019749844140156,-0.764844060415316,28.5248306224359,-28.41693026257,0.00755289910369371,0.19045504385594
3.22774839861502,-0.0673691268436955,-0.00181878090026403,-0.765789883828844,29.6652748482116,-29.5592227663917,0.00742356925181384,0.190388547969765
3.22849665594913,-0.0672093153991913,-0.00137391907382553,-0.766576152164486,30.8049486776242,-30.7026507972131,0.007160805243995,0.190306513536651
3.22938926726503,-0.0670310572665354,-0.000811056565090322,-0.767106277504547,31.9442287799948,-31.847066119233,0.00680135811953497,0.19022665825829
3.23016947240362,-0.0668719020354158,-0.000258651581562938,-0.767357325198523,33.0834281632601,-32.9921606603071,0.00638870814270588,0.190160344343747
3.23069546937183,-0.0667531177320274,0.000201187315863171,-0.76735767497529,34.2227738355467,-34.1375734170194,0.0059640189470673,0.190113110418721
3.23091896315566,-0.0666823704195811,0.000528275650387599,-0.7671650197758,35.3624035325789,-35.2829670167212,0.00556054983253457,0.190085856349534
3.23085845484916,-0.0666573797032371,0.000715648772862169,-0.766847839743825,36.5023758440647,-36.4280738417786,0.00520113635253121,0.19007629293436
3.23057265832161,-0.0666697152242798,0.000779075019719411,-0.766471687906295,37.6426880305421,-37.5727157551259,0.00489805696976986,0.190080350077625
3.23013763385725,-0.0667081771456166,0.000746829789295458,-0.766090686205773,38.7832964777877,-38.716803802063,0.00465448590002837,0.190093363157108
3.22962953077055,-0.0667613623139505,0.000651376910723468,-0.765743611400859,39.9241359627435,-39.8603249447789,0.00446677040795174,0.190110938760131
3.22911335588917,-0.0668193496128842,0.000523423534090536,-0.76545347628819,41.065135423948,-41.0033222119337,0.0043269243257091,0.190129480774359
0.967568147250241,-0.292564641522697,-0.268022593291007,-0.0680025161509444,0.482420778264618,3.66151924279056,0.130861503292512,0.19
1.17894621117407,-0.538332693634016,-0.321855314397171,-0.224570133188391,0.969976503219519,3.37533714219629,0.207603601863264,0.193
1.60521229006504,-0.607397104011979,-0.210119696582021,-0.362717020920522,1.54026996338839,2.88734487520187,0.251361371654736,0.193
2.0329969578912,-0.391876266767113,-0.320743092650993,-0.468665081527789,2.27771678842736,2.28056819228362,0.283554436793983,0.193
2.33090188927855,-0.215893142658257,-0.356972794479088,-0.657179235618934,3.12145772964992,1.5757248839083,0.307255470805613,0.193
2.6585193004482,-0.139244319157905,-0.217961287727729,-0.800675463844309,3.98703943810208,0.673939739475008,0.313199436980416,0.193
2.9465229011859,-0.0963753097514603,-0.117663765401993,-0.882361179963517,4.87408913769368,-0.415756386740206,0.304156479415967,0.193
3.15900550407845,-0.0736964870225235,-0.063330301842058,-0.92607872946227,5.78380114199761,-1.64605848686436,0.284834130649358,0.193
3.3015386612971,-0.0621906690659323,-0.0366787553296039,-0.950265379110584,6.71155395933667,-2.97166775529029,0.258875922690813,0.193
3.39203072181583,-0.0541890630301628,-0.0129941940491372,-0.961888637525278,7.65270955489018,-4.35781250036072,0.22887408272903,0.189964692155268
3.44534628327592,-0.0482326527560615,0.00886712726980743,-0.962111349914127,8.60886836475428,-5.77652557969402,0.197191217451106,0.18644278415556
3.47185747328727,-0.0447117087707071,0.0246545686685105,-0.953091043629006,9.58479248820341,-7.20544898542215,0.165903372747972,0.184018128233593
3.47926866782546,-0.0433152145643888,0.034314337640562,-0.937952676944257,10.5840048139799,-8.62818543580679,0.136512703683736,0.182651246285832
3.47343599807361,-0.0434122701099017,0.0394577600500678,-0.919317875403782,11.607681607553,-10.0336361763891,0.109943811165366,0.182130300652069
3.45869162802661,-0.0444748230337824,0.0415418180742186,-0.899017854272827,12.6551801870423,-11.4147810531353,0.0866827547262332,0.182212744299083
3.43817457993717,-0.0461546819694036,0.0414932359555535,-0.878302243338696,13.7247193666282,-12.7675803955784,0.0669116690336007,0.182703609516745
3.41417807642313,-0.048231719660039,0.0398538193669431,-0.858070133330015,14.8138434224114,-14.0901923738438,0.0506021629528308,0.183460040605364
3.3884389047634,-0.0505556672389424,0.0369688826875132,-0.839009488461185,15.9197133578875,-15.3824560934795,0.0375756134349617,0.184375355107257
3.36233632401978,-0.0530089137912908,0.0331109192071694,-0.821659570308634,17.0393137565891,-16.645537445735,0.0275446931544289,0.185365505912814
3.33700524029031,-0.0554875016520602,0.0285444078145083,-0.806428429575639,18.1696239312209,-17.8816521778826,0.0201461052521091,0.186361774517455
3.31338356986543,-0.0578938987022874,0.0235517104350237,-0.793589234870001,19.3077682976648,-19.0938120191503,0.0149697111780582,0.187308011311446
3.29221653698251,-0.0601370206934969,0.0184338356297881,-0.783270760924771,20.4511442515269,-20.2855676653272,0.0115859768375143,0.188160288521877
3.27403907036078,-0.0621366091166073,0.0134944340397553,-0.775452077716048,21.5975208439909,-21.4607436989631,0.00957174100237162,0.188887431671604
3.25915463527775,-0.0638297564213163,0.00901337707103841,-0.76996800162204,22.7451025236839,-22.6231752710881,0.00853329482595598,0.189471469132547
3.24762520523592,-0.0651774868529937,0.00521651003606602,-0.766528752615742,23.8925554338229,-23.7764651018703,0.008125344990226,0.18990744165309
3.23928223085543,-0.066169328793976,0.00224904292255912,-0.764753800329619,25.0389972433124,-24.9237823276717,0.00806445075838313,0.190202292331646
3.23376228148796,-0.0668241596439661,0.000159942567846799,-0.76421617802369,26.1839545275116,-26.0677221395824,0.00813590727828223,0.190372775421998
3.23056422717705,-0.0671863919913825,-0.00109704214836261,-0.764490339503284,27.3272943539368,-27.2102376740949,0.00819374931264363,0.190442523623864
3.22911877716713,-0.067318158539568,-0.00164624408593946,-0.765194962497578,28.4691393316356,-28.3526445864783,0.00815449976974696,0.190438608482813
3.22885849812698,-0.0672897460419968,-0.0016634016451835,-0.766024956517053,29.6097761990177,-29.4956883747672,0.00798606739817072,0.190388100217039
3.22927713621636,-0.0671687990281499,-0.00133866555702007,-0.766767263247022,30.7495683232934,-30.6396563555454,0.00769378903833644,0.19031508718412
3.22996908792393,-0.0670120634134094,-0.000845452815172016,-0.767299396920148,31.8888831218055,-31.7845097469226,0.00730610670132105,0.190238550272
3.23064609475031,-0.0668610985174452,-0.00032113564266177,-0.767575637680147,33.0280408048562,-32.9300132386886,0.00686191171452418,0.190171464166558
3.23113406225578,-0.0667415900171233,0.00014049805246584,-0.767606830707143,34.1672855708109,-34.0758458838174,0.00640076722221199,0.190120998092328
3.23135602134893,-0.0666652523191327,0.000487511758333994,-0.76743900802479,35.3067764987781,-35.2216846216421,0.00595642480814818,0.190089466114955
3.23130792975342,-0.0666330555869037,0.00070276155253844,-0.767134433903442,36.4465931533136,-36.367258408878,0.00555342811262181,0.190075650033376
3.23103294711377,-0.0666388363353946,0.00079436145642971,-0.766756837124202,37.5867504181757,-37.5123755705483,0.00520623690908693,0.190076173057868
3.23059818305821,-0.0666727088232971,0.000785648024620846,-0.766361583625294,38.7272174626331,-38.6569298021736,0.00492013476142977,0.190086716243687
3.23007628851966,-0.0667237910434998,0.000706577839587838,-0.765990481524426,39.8679367261901,-39.8008914646382,0.00469316741658711,0.190102955664243
3.22953273712645,-0.0667821013380785,0.000587268010123447,-0.765670289892436,41.0088402330738,-40.9442905392517,0.00451847802649617,0.190121174698408
0.967568147250241,-0.292564641522697,-0.268022593291007,-0.0680025161509444,0.482420778264618,3.84009067136198,0.135779870045781,0.19
1.17894621117407,-0.538332693634016,-0.321855314397171,-0.224570133188391,0.969976503219519,3.55390857076772,0.215505108848224,0.193
1.60521229006504,-0.607397104011979,-0.210119696582021,-0.362717020920522,1.54026996338839,3.0659163037733,0.261072244652517,0.193
2.0329969578912,-0.391876266767113,-0.320743092650993,-0.468665081527789,2.27771678842736,2.45913962085505,0.294362745753231,0.193
2.33090188927855,-0.215893142658257,-0.356972794479088,-0.657179235618934,3.12145772964992,1.75429631247973,0.318729408322591,0.193
2.6585193004482,-0.139244319157905,-0.217961287727729,-0.800675463844309,3.98703943810208,0.852511168046436,0.325077098625655,0.193
2.9465229011859,-0.0963753097514603,-0.117663765401993,-0.882361179963517,4.87408913769368,-0.237184958168778,0.316279012123073,0.193
3.15900550407845,-0.0736964870225235,-0.063330301842058,-0.92607872946227,5.78380114199761,-1.46748705829293,0.297105185163169,0.193
3.3015386612971,-0.0621906690659323,-0.0366787553296039,-0.950265379110584,6.71155395933667,-2.79309632671887,0.271237060234031,0.193
3.39217828189034,-0.0546483497351951,-0.0154273487048211,-0.962587058159564,7.6522692042535,-4.17956364357715,0.241236453821788,0.190627790547133
3.44622540969283,-0.0487594231389683,0.0057878363338006,-0.964226942432506,8.60638564905006,-5.59993427587362,0.209327733976234,0.187061519484968
3.47396571089784,-0.0450541836497092,0.0219483568777547,-0.956647903605881,9.57847092064753,-7.03236298821608,0.177545898421261,0.184512026776035
3.48280720484193,-0.0434109716295834,0.0322817284356008,-0.942667341128847,10.5724867999522,-8.46045653640128,0.147428672670264,0.182986377143577
3.47837181694007,-0.0432857320745559,0.0380729585700252,-0.924857330211264,11.5901822760709,-9.87286454724964,0.119961473476811,0.182312820758015
3.46486312387275,-0.0441672735490324,0.0407154411655817,-0.905084441599904,12.6314067209529,-11.262227282065,0.0956904625202671,0.182264474077114
3.44535983490285,-0.0457020584734831,0.0411536108560606,-0.884639334439965,13.6947563960588,-12.6241460971856,0.0748504686983896,0.182649017647741
3.42212595621785,-0.0476632646468533,0.0399510316969031,-0.864450893566705,14.7780567108007,-13.9564210335431,0.0574585436065069,0.183322526523981
3.39688096113458,-0.0498974329870864,0.0374608904132184,-0.84522953805356,15.8786723154584,-15.2585404886224,0.043375290182374,0.184176964634384
3.3709933607003,-0.0522868447649072,0.0339507969186413,-0.82753650154827,16.9937244456175,-16.5313344122168,0.0323467180848184,0.185127137797052
3.34559566253628,-0.0547290483480989,0.0296725481967859,-0.811806349564983,18.120267641743,-17.7767090480652,0.0240366165767492,0.186103049855463
3.32163587456747,-0.0571282021749454,0.0248930642577153,-0.798345820051799,19.255444960765,-18.9974080172647,0.018055013521445,0.187046780074803
3.29988541338634,-0.0593938849318677,0.0198997478873372,-0.787324460015939,20.3966223575229,-20.1967708128996,0.013985015155912,0.18791194914842
3.28092286669373,-0.0614445291262302,0.014988523442248,-0.778767345362364,21.5414962276781,-21.3784806671094,0.0114083034640693,0.188664251575029
3.26511103577481,-0.0632133738218457,0.0104405333091381,-0.772556799401542,22.6881679882209,-22.5463088227096,0.00992845192739829,0.189282059327282
3.25258180901781,-0.0646549890564381,0.00649344390667897,-0.768447163826034,23.835182304922,-23.7038717810383,0.00919071184223454,0.189756496828034
3.24323939498617,-0.0657504110896148,0.00331418612557182,-0.766093543037812,24.9815289755676,-24.8544222679206,0.00889684794470142,0.19009066554953
3.23678704574711,-0.0665091320608539,0.000980269010818499,-0.765091964949343,26.1266115766981,-26.0006935532163,0.00881388462997744,0.190297910448469
3.23277608984189,-0.0669668547449199,-0.000524609539969396,-0.765025183153918,27.2701886369986,-27.1448108040195,0.00877621963813464,0.190399212574137
3.23067009060521,-0.0671789296764663,-0.00129791790200339,-0.765506205282928,28.4122955431514,-28.2882734800851,0.00868140571903504,0.190419978485985
3.2299129823667,-0.0672115500030314,-0.00149539445438487,-0.766212516767776,29.5531572502627,-29.4320018116561,0.00848079657932352,0.190386663326402
3.22999018918904,-0.0671317340946214,-0.00129858438943063,-0.766906726952283,30.6931015255838,-30.576432400086,0.00816678776158665,0.19032373525911
3.23047331325751,-0.0669983671520376,-0.000882160602724531,-0.767440455640856,31.8324832012242,-31.7216411634625,0.00775891169614369,0.190251334979211
3.23104343419089,-0.0668568034485155,-0.000391467378592532,-0.767744602207511,32.971627349382,-32.8674707492114,0.00729094324153138,0.190184007552086
3.23149410026161,-0.0667371039040252,6.84029327746282e-05,-0.767811567398289,34.1107940943932,-34.0136446550906,0.00680044936634867,0.19013056293477
3.23171895809712,-0.0666551090667686,0.000433713824424459,-0.767674746285597,35.2501635504306,-35.1598572978583,0.00632143077481297,0.190094775530726
3.2316903628743,-0.0666151853818948,0.000676815329802998,-0.76738931071927,36.3898366745243,-36.3058360363403,0.0058800404846328,0.190076562242973
3.23143477473939,-0.0666136056751365,0.000797705607981434,-0.767016492198684,37.5298468432893,-37.4513762644158,0.00549293798084749,0.190073306879142
3.23100931466609,-0.0666419545227978,0.000814316087584597,-0.766612460579852,38.6701770730444,-38.596353971623,0.00516761555873291,0.19008109564715
3.2304823154177,-0.0666899959051005,0.000753694655418565,-0.766221830550282,39.8107785235935,-39.7407219065578,0.00490396225797171,0.190095719566879
3.22991915731137,-0.0667477750742207,0.000645062185458104,-0.76587505668189,40.9515872259392,-40.8844956342614,0.0046964108506315,0.190113371462518
0.967568147250241,-0.292564641522697,-0.268022593291007,-0.0680025161509444,0.482420778264618,4.01866209993341,0.14069823679905,0.19
1.17894621117407,-0.538332693634016,-0.321855314397171,-0.224570133188391,0.969976503219519,3.73247999933915,0.223406615833184,0.193
1.60521229006504,-0.607397104011979,-0.210119696582021,-0.362717020920522,1.54026996338839,3.24448773234472,0.270783117650299,0.193
2.0329969578912,-0.391876266767113,-0.320743092650993,-0.468665081527789,2.27771678842736,2.63771104942648,0.305171054712479,0.193
2.33090188927855,-0.215893142658257,-0.356972794479088,-0.657179235618934,3.12145772964992,1.93286774105115,0.33020334583957,0.193
2.6585193004482,-0.139244319157905,-0.217961287727729,-0.800675463844309,3.98703943810208,1.03108259661787,0.336954760270895,0.193
2.9465229011859,-0.0963753097514603,-0.117663765401993,-0.882361179963517,4.87408913769368,-0.058613529597349,0.328401544830178,0.193
3.15900550407789,-0.0736964870316283,-0.0633303018496369,-0.926078729461197,5.78380114199902,-1.28891562972071,0.30937623967714,0.193
3.30153866129672,-0.0621906690662034,-0.0366787553298362,-0.950265379110571,6.71155395933729,-2.61452489814693,0.28359819777733,0.193
3.39232483488803,-0.0551087957766532,-0.0178645489619722,-0.963284619792071,7.65182942386327,-4.0013138776518,0.253598928471723,0.191290888938962
3.44710234214758,-0.049292066023984,0.00267787211092067,-0.966349538656902,8.60389584221257,-5.42334103626911,0.221463889626921,0.187680311770783
3.47607401693708,-0.0454032362319286,0.019204027266623,-0.960230191605961,9.57210388226258,-6.85928144761363,0.189184929174263,0.185005675058945
3.48634927152948,-0.0435080307179179,0.0302310353589317,-0.947421521699617,10.5608470032643,-8.29274833474594,0.158334668028056,0.183319766232384
3.48331001948596,-0.0431553566473081,0.0366919100494166,-0.930439337209252,11.5724586121592,-9.71213264243632,0.129960651815348,0.1824916028283
3.47102889385715,-0.0438535497980845,0.0399051044212553,-0.911188172364002,12.6072939444173,-11.1097266652658,0.104670697784083,0.182311024484413
3.45252598065606,-0.0452435067449289,0.0408327594635439,-0.891004664225384,13.6643355936629,-12.4807682092395,0.082753271404055,0.182588557873572
3.43003973485731,-0.0470906450541715,0.0400635894412372,-0.870851355989783,14.7416945856343,-13.8226992790932,0.0642711743017448,0.183178950380189
3.40527609041331,-0.0492373220032942,0.0379620036797728,-0.85146326566984,15.8369416085337,-15.1346610605117,0.049124158042836,0.183972510163932
3.37959562905284,-0.0515649823037453,0.0347933252598633,-0.833424284495033,16.9473365292264,-16.4171526115633,0.0370913543353049,0.184882699772687
3.35412985074537,-0.0539722025763763,0.0307985460235762,-0.817195092225887,18.0700114029508,-17.6717755406069,0.0278634578842571,0.185838165863
3.32983670664255,-0.0563645802499617,0.0262303593995703,-0.803114845346059,19.2021305623756,-18.9010087052997,0.0210706132661154,0.186779224668689
3.30751226223051,-0.058652326970879,0.0213630791566534,-0.791392292840201,20.3410311981547,-20.1079813882832,0.016308684952021,0.187657108354235
3.28777619599852,-0.0607527543958554,0.0164846518633101,-0.782096887388945,21.48433936964,-21.2962338465671,0.0131644742131879,0.188434470090554
3.27104762004965,-0.0625956248894158,0.0118764734642478,-0.775157152167502,22.6300550790723,-22.4694694723096,0.0112392260123367,0.189086118341243
3.25752554131373,-0.0641295447555081,0.00778641712988295,-0.770370906260899,23.7766021921831,-23.6313130864807,0.0101691659863817,0.189599337200191
3.24718501810713,-0.0653275430942643,0.00440129581235629,-0.767429112795105,24.9228422393123,-24.7850951728571,0.00964164480715769,0.189973428286342
3.23979541747661,-0.0661900702497346,0.00182560547240792,-0.765951869330105,26.0680542846896,-25.9336821371548,0.00940565617669854,0.190218321650746
3.23496138729555,-0.0667441448205845,7.25894918038243e-05,-0.765531830310914,27.2118857732519,-27.0793681682956,0.00927599328244027,0.190352288493605
3.23218123959065,-0.0670382777923017,-0.000928824634755253,-0.765777987909116,28.3542816520059,-28.2238358722181,0.00913105958518818,0.190398968216993
3.23091284908606,-0.0671342634889618,-0.00131356651521755,-0.76635216912391,29.495401224548,-29.3681822343407,0.00890524136759145,0.190384086130633
3.23063592942708,-0.06709793992175,-0.00125267854445056,-0.76699360488047,30.6355326383679,-30.5129973964392,0.00857741359251,0.190332352959581
3.23090120936078,-0.0669899030994394,-0.000920499232503856,-0.767528104235457,31.7750146902002,-31.6584773409656,0.00815758209255637,0.190264956792085
3.231360041633,-0.06685906217716,-0.000469313397959973,-0.767862625797707,32.9141748367934,-32.8045480735893,0.00767385380067647,0.190197963354651
3.23177361667059,-0.0667397933148475,-1.50741449723163e-05,-0.767970212132861,34.0532877416736,-33.9509821658222,0.0071613784072811,0.190141828544094
3.23200550798905,-0.0666521343936693,0.000366665747357526,-0.767870617384608,35.1925541568287,-35.0974949090342,0.00665414012649763,0.190101831223666
3.23200339491567,-0.0666039917843596,0.000637444335639028,-0.767611003634544,36.3320967995796,-36.2438140856998,0.00617978559296605,0.190079087865933
3.23177585386324,-0.0665942491339436,0.000788673755345117,-0.767249389044796,37.4719683982288,-37.3897229028748,0.00575718201901877,0.190071812012883
3.23136892952063,-0.0666161250754525,0.000832394996697167,-0.766842271679536,38.6121668977392,-38.5350793678176,0.0053961254837039,0.190076557313977
3.23084576779068,-0.0666601618529566,0.000792324730573778,-0.766436822574625,39.7526532706579,-39.6798176364137,0.00509849342009111,0.190089278006528
3.23027105415755,-0.0667165251986173,0.000696462942432966,-0.766067125452078,40.8933685167706,-40.8239374821388,0.00486017183164335,0.190106108639198
0.967568147250241,-0.292564641522697,-0.268022593291007,-0.0680025161509444,0.482420778264618,4.19723352850484,0.145616603552319,0.19
1.17894621117407,-0.538332693634016,-0.321855314397171,-0.224570133188391,0.969976503219519,3.91105142791057,0.231308122818144,0.193
1.60521229006504,-0.607397104011979,-0.210119696582021,-0.362717020920522,1.54026996338839,3.42305916091615,0.280493990648081,0.193
2.0329969578912,-0.391876266767113,-0.320743092650993,-0.468665081527789,2.27771678842736,2.81628247799791,0.315979363671728,0.193
2.33090188927855,-0.215893142658257,-0.356972794479088,-0.657179235618934,3.12145772964992,2.11143916962258,0.341677283356548,0.193
2.6585193004482,-0.139244319157905,-0.217961287727729,-0.800675463844309,3.98703943810208,1.20965402518929,0.348832421916134,0.193
2.9465229011859,-0.0963753097514603,-0.117663765401993,-0.882361179963517,4.87408913769368,0.119957898974079,0.340524077537284,0.193
3.15900550407845,-0.0736964870225235,-0.063330301842058,-0.92607872946227,5.78380114199761,-1.11034420115008,0.321647294190791,0.193
3.3015386612971,-0.0621906690659323,-0.0366787553296039,-0.950265379110584,6.71155395933667,-2.43595346957601,0.295959335320466,0.193
3.39247037480681,-0.0555703862666747,-0.0203056841683951,-0.963981306491341,7.65139022042097,-3.82306319903081,0.265961507396703,0.191953987330861
3.44797695815859,-0.0498299037946842,-0.000459122014786785,-0.968478529510599,8.60139919819355,-5.24674563297212,0.233599718133373,0.188299161407954
3.47818145380274,-0.0457588011032363,0.0164221611087501,-0.963836328507972,9.56569324446573,-6.68620238196954,0.200820734721345,0.185499091275003
3.48989306860338,-0.0436066069232932,0.0281617591555929,-0.952213694921304,10.5490886457187,-8.12505606149358,0.169231249137607,0.183651545030053
3.48824825102778,-0.0430213913370033,0.0353139782825883,-0.936062670062455,11.5545142941554,-9.55143250057467,0.139942160960818,0.182666819665012
3.47718639388209,-0.0435339227363014,0.0391099812759859,-0.917328182264581,12.5828453067989,-10.9572680695331,0.11362448129745,0.182352563959647
3.45967068906096,-0.0447793418686581,0.0405294951072428,-0.897397873620088,13.6334596987103,-12.3374328585988,0.0906212400193611,0.182522384233189
3.43791771237247,-0.0465141916171086,0.0401899915239328,-0.877271839566486,14.7047586272849,-13.689011340237,0.0710412695826039,0.183029441361923
3.41362356416111,-0.0485756200092901,0.0384706151174701,-0.857711771438419,15.7945211775806,-15.010801312423,0.0548233676197735,0.183762078260752
3.3881435768253,-0.0508435077432056,0.035637036428398,-0.83932478649783,16.9001478345421,-16.3029761650448,0.0417795613158258,0.184632217399573
3.36260946414643,-0.0532170044060002,0.0319212693912127,-0.822597167157166,18.0188505442615,-17.5668377343013,0.0316272767182747,0.185567074913817
3.33798881625377,-0.055602923933774,0.0275629075519251,-0.807899263108375,19.1478177154468,-18.8046032920571,0.0240167487024657,0.186505221537138
3.31510069315693,-0.0579121058195915,0.0228236030420157,-0.795477426010158,20.2843606626236,-20.01919261667,0.0185567527065092,0.187395573427219
3.29460324114744,-0.0600609432735124,0.0179830101164465,-0.785443865522883,21.4260376442165,-21.2140010140204,0.014839525085646,0.188197839637347
3.27696885046737,-0.0619761008856976,0.0133217368685436,-0.77777202826427,22.570749046832,-22.3926597169906,0.0124644098251853,0.188883362443851
3.26246086846253,-0.0636007056307321,0.00909625751615481,-0.772302599757675,23.71679873707,-23.5587960594893,0.0110590694346976,0.189435662861029
3.25112331705656,-0.0649002573102111,0.00551144573907337,-0.768762651298285,24.8629196409522,-24.7158121462685,0.0102968465290313,0.189850283276491
3.24279112675742,-0.0658665065377656,0.00269722786540529,-0.766797445609241,26.0082648027244,-25.866702318493,0.00990896260847347,0.190133730873618
3.23712315273324,-0.0665178826685253,0.000695614545313444,-0.766011224061298,27.1523679856186,-27.0139265998822,0.00969064754293379,0.190301506170145
3.23365446334126,-0.0668958426948719,-0.000537705984008196,-0.766010688531006,28.295080305078,-28.1593501058872,0.0095009626390547,0.190375374844377
3.23185944401832,-0.0670575753950437,-0.00111663904884223,-0.766443656212706,29.4364915550621,-29.3042485145306,0.00925692106651068,0.190380205680013
3.23121474508706,-0.0670672043093223,-0.00119986632519501,-0.767027054029949,30.5768462021937,-30.4493697512113,0.00892329590702768,0.190340825267054
3.23125224354388,-0.066986581025463,-0.000959715538792799,-0.767561049615224,31.7164634404061,-31.5950353492381,0.00849993262120743,0.19027935221561
3.23159460306399,-0.0668679028924758,-0.000554286639975682,-0.76792814072416,32.8556704929128,-32.7412602874057,0.00800869390868855,0.19021331498815
3.23197072463931,-0.0667497820100413,-0.000109874130610567,-0.76808109605721,33.9947550476898,-33.8878710938812,0.00748186434678916,0.190154815339175
3.23221344362232,-0.0666565177457933,0.000286167986272036,-0.768024995575071,35.1339380037155,-35.0346075774505,0.00695312230554839,0.19011067843639
3.23224467658298,-0.0665996974237005,0.000584285250036072,-0.767798033240983,36.273364152041,-36.1812001732299,0.00645147394778579,0.190083285094657
3.23205389168275,-0.0665809947282273,0.00076682661793923,-0.767454251820606,37.4131064177026,-37.3274207947467,0.00599799083568104,0.190071749518508
3.23167491706036,-0.0665954340702388,0.000839437263671439,-0.767049963454031,38.5531787732069,-38.4731092781606,0.00560486297240295,0.190073157985732
3.23116479071872,-0.0666344762714138,0.000822057317116373,-0.766634617809679,39.6935531317616,-39.6181802407716,0.00527610134982145,0.190083679216981
3.23058685734662,-0.06668850776238,0.000741121096194433,-0.766245844629234,40.8341764663233,-40.7626162840811,0.00500921213861328,0.1900994242562
