#['../main.py', '--dataset=dice', '--epochs=100', '--batch-size=16', '--lr=1e-3', '--save-onnx', '--save-imgs', '--epsilon=0.0156862745', '--oracle-steps=30', '--oracle-restarts=3', '--constraint=NotBoth', '--alpha=0.5', '--seed=0', '--logic=DL2']
Epoch,Train-P-Loss,Train-R-Loss,Train-C-Loss,Train-P-Grad,Train-C-Grad,Train-C-Weight,Train-Weighted-C-Grad,Train-Grad-Ratio,Train-P-Metric,Train-C-Acc,Train-C-Sec,Test-P-Loss,Test-R-Loss,Test-C-Loss-self,Test-C-Loss-common,Test-P-Metric,Test-C-Acc,Test-C-Sec-self,Test-C-Sec-common,Train-Time,Test-Time
0,0.0,-1,,-1,-1,-1,-1,-1,0.0,-1,0.0,0.6962748508827359,0.04048466682434082,0.062265452216653264,0.06084087315727683,0.4950980579151827,0.0,0.0,0.0,0.0,3.4464683532714844
1,0.6965985017664292,-1,0.03414363370222204,0.058003867373746985,0.2885233374202953,0.10128183224621941,0.029001931933795706,0.4999999439015108,0.4957108217127183,-1,0.0,0.6938778746361826,0.019920073887881112,0.024918161770876718,0.023738408789915198,0.5024509990916532,0.0,0.0,0.0,6.665210962295532,2.922820806503296
2,0.6937595816219554,-1,0.023055362350800458,0.05640530936858233,0.2531844868379481,0.11089134216308594,0.028202654684291166,0.4999999439015108,0.5196078244377585,-1,0.0,0.6931346818512562,0.015628462328630334,0.020010602824828205,0.01950883514740888,0.522058879627901,0.0,0.0,0.0,6.546821117401123,3.3231632709503174
3,0.692355380338781,-1,0.016882409067714915,0.05017560369828168,0.21815656213199391,0.12227768056532916,0.025087800096063054,0.4999998878030216,0.5140931185554055,-1,0.09558823529411764,0.6955306857239967,0.00686622630147373,0.010798367507317486,0.011318686253884259,0.49754905700683594,0.4117647058823529,0.4117647058823529,0.07352941176470588,6.433259010314941,3.1095659732818604
4,0.6907229143030503,-1,0.008619282175512874,0.06025711929096895,0.10747185174156637,0.3261852544896743,0.0301285561393289,0.4999998878030216,0.5159313538495232,-1,0.46691176470588236,0.6983066633635876,0.0030114214648218718,0.004993840175516465,0.0046752735095865585,0.48284311855540557,0.6470588235294118,0.6470588235294118,0.5735294117647058,6.666818618774414,3.2631759643554688
5,0.6881841210757985,-1,0.005583508049740511,0.058706518481759465,0.08172262416166418,0.4183375695172478,0.029353257487801945,0.4999998878030216,0.5269607656142291,-1,0.5404411764705882,0.6933630401012945,0.003002369447666056,0.0052519712377997,0.005393964841085321,0.4901961158303654,0.5735294117647058,0.5735294117647058,0.4264705882352941,6.757864236831665,3.445618152618408
6,0.6843836728264304,-1,0.003887642394093906,0.06602686994216021,0.06548652228187113,0.6746358310475069,0.03301342094645781,0.4999998317045324,0.5422794117647058,-1,0.5955882352941176,0.6942410936542586,0.0008839965414474992,0.0019724138957612656,0.0024850241401616264,0.4852941176470588,0.75,0.7352941176470589,0.5147058823529411,6.745873689651489,3.422388792037964
7,0.6808746562284582,-1,0.0017847490003880333,0.06940996646881104,0.037774149109335506,1.0634503084070541,0.034704972715938795,0.4999998317045324,0.5582108217127183,-1,0.7279411764705882,0.6957039178586474,0.0005302364554475335,0.001444353995954289,0.0017088741502341103,0.48774511673871207,0.7794117647058824,0.7794117647058824,0.6617647058823529,6.703747034072876,3.220935583114624
8,0.6752964468563304,-1,0.001259478904745158,0.0712727799135096,0.027027368545532227,2.001873913933249,0.035636368919821346,0.4999996634090648,0.5637255275950712,-1,0.7720588235294118,0.695593890021829,0.00013414688189240063,0.000525352983352016,0.0010110868469757192,0.5196078805362477,0.8382352941176471,0.8235294117647058,0.5882352941176471,6.483401298522949,2.952064275741577
9,0.6694824555340935,-1,0.00035527589566567363,0.0915839672088623,0.008390850880566765,6.842982123879826,0.026675538105123183,0.31318103565889244,0.5729166479671702,-1,0.9117647058823529,0.6961594375909543,0.00017905555775060374,0.0006339722039068447,0.0017941900912453147,0.5147058823529411,0.9558823529411765,0.9411764705882353,0.7058823529411765,5.9458818435668945,2.823922872543335
10,0.6602428660673254,-1,0.000564381863702746,0.07742765370537252,0.015616590485853307,4.516168482163373,0.0321962552912095,0.40284375583424287,0.592524528503418,-1,0.8602941176470589,0.6912995880725337,0.0003503009896068012,0.000816545558764654,0.0012558484997819452,0.5294117647058824,0.8970588235294118,0.8970588235294118,0.6470588235294118,6.375536680221558,2.89447283744812
11,0.651123888352338,-1,0.0010027362800696317,0.10012009564568014,0.016275945831747615,5.892080419203815,0.03669673204421997,0.37768372367410097,0.5998775257783777,-1,0.9044117647058824,0.6928792467304304,0.0011192476924727945,0.0023205394254011266,0.003044047557255801,0.5196078805362477,0.8823529411764706,0.8382352941176471,0.7205882352941176,6.320791959762573,2.9138662815093994
12,0.6396270078771255,-1,0.0006152769988950561,0.12309600325191722,0.015593346427468693,6.21030605540556,0.039442199117997116,0.3288818808162914,0.6207107656142291,-1,0.9117647058823529,0.6910469952751609,0.0008691021734300782,0.0017374252133509692,0.002367939580889309,0.5465686461504768,0.9117647058823529,0.8823529411764706,0.7941176470588235,5.7456955909729,2.95165753364563
13,0.6261458677404067,-1,0.001477736103184083,0.12674373738905964,0.026851541855755973,5.140551847570083,0.036808914997998404,0.2941175629110897,0.6427695891436409,-1,0.9338235294117647,0.6781281863941866,0.000932654585031902,0.0024159108014667734,0.0029284682343987856,0.5686274696798885,0.8970588235294118,0.8676470588235294,0.7058823529411765,5.90976095199585,2.941441774368286
14,0.6043697805965648,-1,0.00035448999637190034,0.1481004883261288,0.013943427625824423,6.732124777401195,0.04536280561895931,0.309757485109217,0.6629902334774241,-1,0.9301470588235294,0.6856054418227252,0.0013745135682470659,0.0025456749341067147,0.003134988686617683,0.5539215873269474,0.9117647058823529,0.9117647058823529,0.6911764705882353,5.825205564498901,3.3201680183410645
15,0.5844199797686409,-1,0.0019162921782802133,0.15415254761190975,0.031087728107676786,5.192871991325827,0.05041853119345272,0.32533920512479897,0.7058824090396657,-1,0.9154411764705882,0.6765875722847733,0.0008840587757089559,0.002955149201785817,0.007150744252345141,0.5661764705882353,0.9117647058823529,0.9117647058823529,0.5588235294117647,5.70414662361145,2.8263049125671387
16,0.5592688392190373,-1,0.0003995913190438467,0.1686874978682574,0.017757023082059974,7.04889903349035,0.03654200890484978,0.23529399142545812,0.7334558823529411,-1,0.9595588235294118,0.6714465571384803,0.000292511355570134,0.0003121419097570812,0.011188101242570317,0.6004902334774241,0.9705882352941176,0.9705882352941176,0.6029411764705882,5.315988540649414,2.8176164627075195
17,0.5251688115737018,-1,0.00240797023562824,0.19564202252556295,0.0596623560961555,4.685375438017004,0.0696947364246144,0.35543141645543713,0.7689951167387121,-1,0.9411764705882353,0.6499047372855392,0.00031452226069043665,0.0006509682930567686,0.0098483904319651,0.6127451167387121,0.9558823529411765,0.9411764705882353,0.6029411764705882,5.6455397605896,2.9488377571105957
18,0.5000201393576229,-1,0.00043369722826515925,0.23413862901575425,0.03081629206152523,6.395381703096278,0.05412583491381477,0.23529406154856963,0.770220532136805,-1,0.9558823529411765,0.6833471410414752,0.0006321204059264239,0.003059003940399955,0.013107825728023754,0.6102941176470589,0.9411764705882353,0.9264705882352942,0.5588235294117647,5.919564247131348,2.873056173324585
19,0.4702623872195973,-1,0.002845797030364766,0.20988737835603602,0.10893633786369772,3.1810888402602253,0.08515589377459358,0.41176464978386373,0.8045342950259938,-1,0.9191176470588235,0.6350313074448529,0.000719595919637119,0.000858337344492183,0.006546128760365879,0.649509822621065,0.9411764705882353,0.9411764705882353,0.6176470588235294,5.521873950958252,2.7014074325561523
20,0.44222108055563536,-1,0.00046996618894969714,0.23087316400864544,0.024419244597939885,7.596006505629596,0.02988281670738669,0.14705878145554485,0.8143382913926068,-1,0.9742647058823529,0.6234618916231043,0.0005644953754894874,0.0007352993330534766,0.007942332940943101,0.6568627637975356,0.9558823529411765,0.9411764705882353,0.6323529411764706,5.70513916015625,3.0556819438934326
21,0.406953447005328,-1,0.0014975627555566676,0.2613861701067756,0.07268067668466006,5.146050845875459,0.07930165178635541,0.29411761900957895,0.8431372362024644,-1,0.9485294117647058,0.6266160852768842,0.0003735193544450928,0.00046520565143402885,0.014536828679196975,0.6642157049740062,0.9705882352941176,0.9558823529411765,0.5147058823529411,5.636537313461304,2.82944393157959
22,0.3758689375484691,-1,0.002315255648949567,0.266415792353013,0.09511041641235352,6.022964028751149,0.0650713373632992,0.23529408959781423,0.8492647058823529,-1,0.9522058823529411,0.6038151535333371,7.637277218129705e-05,0.00027369392816634737,0.01079138061579536,0.688725471496582,0.9852941176470589,0.9852941176470589,0.6617647058823529,5.515373706817627,2.913689374923706
23,0.33226461971507354,-1,0.0011062316377373302,0.2450260274550494,0.06953926647410673,6.5006543327780335,0.05536460876464844,0.20588232489193187,0.873774528503418,-1,0.9522058823529411,0.5905537324793199,0.0007229278083233273,0.0006101455758599674,0.011321675251511967,0.7009804108563591,0.9558823529411765,0.9558823529411765,0.6323529411764706,5.47739577293396,2.7999777793884277
24,0.30217184739954334,-1,0.0014229385072694106,0.2518165251787971,0.10711174852707807,6.255918615004596,0.058125944698558134,0.20588235294117646,0.8946078805362477,-1,0.9632352941176471,0.584255480298809,0.00032945494989261906,0.0004462056300219368,0.022926116690916175,0.7303922316607308,0.9558823529411765,0.9558823529411765,0.5735294117647058,5.8333611488342285,3.2743465900421143
25,0.27301892112283144,-1,0.0027972161769866943,0.2814021391027114,0.20037883870741902,5.617573008817785,0.07313884005827062,0.23529411764705882,0.9044117086073932,-1,0.9632352941176471,0.5712569741641774,0.00029701953205992193,0.0017758299980093451,0.023452683406717637,0.7254902334774241,0.9705882352941176,0.9411764705882353,0.5294117647058824,5.516774892807007,2.754136562347412
26,0.2525709657108082,-1,0.001576098449089948,0.2811133440803079,0.13415653565350702,6.7123278449563415,0.044005905880647546,0.1764705742106718,0.9166667601641487,-1,0.9742647058823529,0.5482125749775008,0.0004277039209709448,0.0005718892001930405,0.02333228728350471,0.7475491131053251,0.9705882352941176,0.9705882352941176,0.4852941176470588,5.741858243942261,3.0013134479522705
27,0.2304499850553625,-1,0.0004208747516660129,0.2782464588389677,0.03559908446143655,7.4368891996495865,0.04126828558304731,0.14705880950478947,0.9325981140136719,-1,0.9816176470588235,0.556915844188017,0.0052695112193332,0.00640110978308846,0.025395635296316707,0.7524509990916532,0.9264705882352942,0.9117647058823529,0.45588235294117646,5.777546167373657,2.978700637817383
28,0.21104011816136978,-1,0.002215259215411018,0.29426807515761433,0.14353851711048798,7.159502366009881,0.05902539982515223,0.1764705742106718,0.9399510551901424,-1,0.9705882352941176,0.5353910782757927,0.0040567293763160706,0.004845547763740315,0.028620167690164903,0.7598039402681238,0.9705882352941176,0.9705882352941176,0.47058823529411764,5.5859434604644775,2.81046986579895
29,0.19019685072057388,-1,0.0018795130445676692,0.26183591169469494,0.07966103273279526,7.770233154296875,0.03250754580778234,0.11764705882352941,0.9430147058823529,-1,0.9852941176470589,0.5233545116349763,0.005113868152394015,0.007415743435130399,0.029405536020503324,0.7549019981833065,0.9852941176470589,0.9705882352941176,0.5441176470588235,5.217756271362305,2.7580301761627197
30,0.1727738380432129,-1,0.0019475026604007272,0.29587669933543487,0.15224494653589585,7.049098744111903,0.05779662202386295,0.1764705601860495,0.9479167040656594,-1,0.9669117647058824,0.5278471404430913,0.003938776605269488,0.005285394980626947,0.028189389144673067,0.7843137628891889,0.9411764705882353,0.9411764705882353,0.5294117647058824,5.886451721191406,3.0315513610839844
31,0.1580333569470574,-1,0.0005076264633851893,0.2633231106926413,0.050657033920288086,7.706248563878677,0.049569101894603056,0.14705880950478947,0.9595588235294118,-1,0.9779411764705882,0.5515095205867991,0.005637045730562771,0.005935676395893097,0.02394357674262103,0.7794117086073932,0.9558823529411765,0.9411764705882353,0.6029411764705882,5.665632009506226,2.858180046081543
32,0.14413945815142462,-1,0.00040521428865544936,0.24218124501845417,0.05336900318370146,7.579889634076287,0.04489078942467185,0.14705879548016718,0.958333408131319,-1,0.9816176470588235,0.5265972661037072,0.0001170862712623442,0.00439478676108753,0.02145679558024687,0.7916667040656594,0.9705882352941176,0.9558823529411765,0.5735294117647058,5.720158576965332,2.9279372692108154
33,0.13475805170395794,-1,0.00016060448251664639,0.25214428060195027,0.03202449574190028,7.7809304630055145,0.039241692599128276,0.14705879548016718,0.9632354063146255,-1,0.9779411764705882,0.5470802456724877,0.0003655126373119214,0.0005154210307142314,0.0207502543926239,0.784313818987678,0.9852941176470589,0.9852941176470589,0.5735294117647058,5.71405816078186,3.1425843238830566
34,0.12287305383121266,-1,0.0002516000531613827,0.2707645472358255,0.027305888779023114,8.467357859892005,0.0245742026497336,0.08823528009302475,0.96875,-1,0.9852941176470589,0.5363124024634268,0.0,0.00018220400328145306,0.026098484502119178,0.7696078805362477,1.0,0.9852941176470589,0.5147058823529411,5.752367973327637,2.875758409500122
35,0.10797455731560202,-1,0.00010771831661901054,0.24863029928768382,0.018477916717529297,9.091769947725183,0.01696677418316112,0.05882352239945356,0.9736519981833065,-1,0.9926470588235294,0.5239572712019378,0.0024994502172750585,0.0023745890049373403,0.028362705427057603,0.7990196452421301,0.9705882352941176,0.9705882352941176,0.5588235294117647,5.779332160949707,3.1591546535491943
36,0.09877305872300092,-1,0.0004017068730557666,0.20929767103756175,0.03327617224525003,7.847546745749081,0.036259938688839186,0.14705878145554485,0.9785538841696346,-1,0.9816176470588235,0.503812453326057,0.00020828126820133012,0.0018244703464648303,0.02597398091765011,0.8186274696798885,0.9705882352941176,0.9411764705882353,0.5147058823529411,5.767569541931152,2.8230717182159424
37,0.08600523191339829,-1,0.00023121852427721024,0.19753672094906077,0.028626484029433307,8.88157294778263,0.013037292396321017,0.058823529411764705,0.9828431746538948,-1,0.9889705882352942,0.5334937151740579,0.0,0.00012342440073981006,0.025943775387371287,0.8014706443337833,1.0,0.9852941176470589,0.6176470588235294,5.372352361679077,2.904789447784424
38,0.07977975116056554,-1,0.0,0.19238999310661764,0.0,10.0,0.0,0.0,0.9865197574391085,-1,1.0,0.5358620437921262,0.0,0.0010099305826074937,0.029422563665053424,0.8088235855102539,1.0,0.9411764705882353,0.4852941176470588,5.927083730697632,2.8661906719207764
39,0.07096284978529986,-1,0.00012809683240073568,0.17141340760623708,0.013206495081677157,9.434587366440716,0.005123864640207852,0.02941175944664899,0.992034351124483,-1,0.9963235294117647,0.5382944368848613,0.000173129141330719,0.00022624389213674208,0.02490921230877147,0.823529467863195,0.9705882352941176,0.9411764705882353,0.5882352941176471,5.472861289978027,3.0400822162628174
40,0.06539413508246927,-1,8.901203845572822e-05,0.17180466651916504,0.010848573025535135,9.459216847139245,0.008751348537557265,0.02941176119972678,0.9908088235294118,-1,0.9963235294117647,0.5521912668265548,0.00034888453014633237,0.001214987543575904,0.02734793459667879,0.8186274696798885,0.9705882352941176,0.9264705882352942,0.5294117647058824,5.729954957962036,2.9081428050994873
41,0.0596918078029857,-1,0.0,0.1651757745181813,0.0,10.0,0.0,0.0,0.992034351124483,-1,1.0,0.5417012233360141,0.0017859081135076635,0.0021086902741123646,0.028673510341083303,0.8210784687715418,0.9558823529411765,0.9411764705882353,0.5294117647058824,5.682536602020264,3.115285634994507
42,0.05105163069332347,-1,9.277511579806313e-05,0.14432449901805205,0.012723473065039691,9.433748133042279,0.0047550530118100785,0.02941175944664899,0.9938725864186007,-1,0.9963235294117647,0.5628678938921761,0.0016783012405914418,0.0022335065638317783,0.02784303707235,0.8186274696798885,0.9411764705882353,0.9264705882352942,0.5147058823529411,5.633230447769165,2.87359881401062
43,0.05117666721343994,-1,0.0,0.15663409233093262,0.0,10.0,0.0,0.0,0.9914216434254366,-1,1.0,0.5668207804361979,0.0005825220552437446,0.003118592588340535,0.023158168091493493,0.8210784687715418,0.9558823529411765,0.9264705882352942,0.5588235294117647,5.716028213500977,2.41448712348938
44,0.04854388447368846,-1,0.0,0.1552705203785616,0.0,10.0,0.0,0.0,0.9938724742216223,-1,1.0,0.5652662539014629,0.0021409350721275106,0.00260582851136432,0.02435838124331306,0.8186274696798885,0.9558823529411765,0.9411764705882353,0.5441176470588235,5.465877056121826,2.9216039180755615
45,0.04268436572130989,-1,6.046312559834298e-05,0.14665809799643123,0.01435815411455491,9.164890064912683,0.011653766912572524,0.058823501362520104,0.9950981140136719,-1,0.9926470588235294,0.5896410474590227,0.000354866442434928,0.0012444652178708244,0.02400614058270174,0.8186275257783777,0.9705882352941176,0.9411764705882353,0.5147058823529411,5.184593677520752,2.7843081951141357
46,0.04235499746659223,-1,0.0,0.1654212474822998,0.0,10.0,0.0,0.0,0.9914215312284582,-1,1.0,0.5877342598111022,0.0014411139795008827,0.0018939836060299592,0.021552290986565983,0.8088235855102539,0.9705882352941176,0.9264705882352942,0.5882352941176471,5.518459320068359,2.7857308387756348
47,0.038953451549305636,-1,0.0,0.13351876595441034,0.0,10.0,0.0,0.0,0.9932598787195542,-1,1.0,0.5882643157360601,0.0004985507796792423,0.0004751665298553074,0.028266882195192224,0.835784351124483,0.9558823529411765,0.9558823529411765,0.5147058823529411,5.2379982471466064,2.744915723800659
48,0.03511264394311344,-1,0.0,0.14668933083029354,0.0,10.0,0.0,0.0,0.9926470588235294,-1,1.0,0.6080881754557291,0.0027488827267113853,0.002553852165446562,0.015886401428895837,0.8137255275950712,0.9558823529411765,0.9558823529411765,0.6470588235294118,5.407305002212524,2.950827121734619
49,0.03330062066807466,-1,0.0,0.12576721696292653,0.0,10.0,0.0,0.0,0.9963235294117647,-1,1.0,0.6056107913746553,0.0005525760352611542,0.001714010229882072,0.01942936988437877,0.833333408131319,0.9852941176470589,0.9411764705882353,0.5147058823529411,5.37914252281189,2.77728271484375
50,0.028508612338234398,-1,2.7697295402450598e-05,0.11506850579205681,0.005705675219788271,9.447253058938418,0.0034422894172808703,0.02941176119972678,0.9993872923009536,-1,0.9963235294117647,0.5970627653832529,0.00010613033630172996,0.0003131418488919735,0.016982001416823444,0.8406862932093003,0.9852941176470589,0.9558823529411765,0.6176470588235294,5.172495603561401,2.576416492462158
51,0.03402839688693776,-1,9.364692959934473e-05,0.15347092291888068,0.011997105444178861,9.4352004107307,0.004779753877836115,0.02941175944664899,0.9963235294117647,-1,0.9963235294117647,0.6419185563629749,2.6004664558807717e-05,0.00011657838545301381,0.02222643354359795,0.8284314099480125,0.9852941176470589,0.9705882352941176,0.6029411764705882,5.168085336685181,2.646167039871216
52,0.02536270548315609,-1,2.234583713716882e-05,0.10624384178834803,0.0038919979158569783,9.479988546932445,0.00451394696446026,0.02941175944664899,0.9975489448098576,-1,0.9963235294117647,0.6444661757525276,6.597330245901557e-05,0.00025854939047028036,0.019547779770458445,0.835784351124483,0.9852941176470589,0.9852941176470589,0.6470588235294118,5.4921393394470215,2.9642934799194336
53,0.02378819795215831,-1,2.8471236445886246e-05,0.10988538405474495,0.0069934265578494356,9.438810460707721,0.0032153865870307476,0.02941176119972678,0.9981617647058824,-1,0.9963235294117647,0.648127088359758,0.00021402452908018057,0.0010541911949129665,0.016392169629826266,0.8480392343857709,0.9705882352941176,0.9411764705882353,0.5441176470588235,5.5207438468933105,2.9050252437591553
54,0.022136037840562707,-1,1.2799797011265422e-05,0.10391569137573242,0.005621055469793432,9.450758990119486,0.003726240904892192,0.02941176119972678,1.0,-1,0.9963235294117647,0.6638564315496707,0.00014596622820724458,0.0002344668678501073,0.012814453419517069,0.8406862932093003,0.9852941176470589,0.9852941176470589,0.6911764705882353,5.590004205703735,2.842519998550415
55,0.020638804225360647,-1,0.0,0.10583280815797694,0.0,10.0,0.0,0.0,1.0,-1,1.0,0.6539180980009192,0.0002472593229921425,0.00023737840135307873,0.0182433356257046,0.8529411764705882,0.9705882352941176,0.9705882352941176,0.7058823529411765,5.027493476867676,2.6709859371185303
56,0.022998252335716698,-1,4.541024442433434e-05,0.12414714869330912,0.02356756785336663,8.890709372127757,0.013035629602039562,0.05882352239945356,0.9981617647058824,-1,0.9926470588235294,0.6856438131893382,0.0004104673588538871,0.0004442849963465158,0.011588022112846375,0.8382353502161363,0.9852941176470589,0.9852941176470589,0.6323529411764706,5.50824499130249,2.8234171867370605
57,0.01734307758948382,-1,1.265895672772518e-05,0.08919182244469137,0.0062097595895037935,9.44559792911305,0.00357162207365036,0.02941175944664899,1.0,-1,0.9963235294117647,0.7040334963331035,0.0005977280876215766,0.0009972799350233639,0.018370966700946584,0.8382353502161363,0.9705882352941176,0.9558823529411765,0.6029411764705882,5.471364498138428,2.967643976211548
58,0.018006037263309255,-1,5.349079027141938e-06,0.08018978904275333,0.0028999390847542707,9.515833237591911,0.005130490397705752,0.029411754187415626,0.9987745846019072,-1,0.9963235294117647,0.685670441272212,0.00031526236082701125,0.0003770844846525613,0.016407498542000267,0.8431372923009536,0.9852941176470589,0.9852941176470589,0.6029411764705882,5.43388819694519,2.8356213569641113
59,0.015828404356451595,-1,0.0,0.08348335939295151,0.0,10.0,0.0,0.0,1.0,-1,1.0,0.7004384059532016,5.620618706897778e-05,0.000518144601408173,0.014882443582310396,0.8455882352941176,0.9852941176470589,0.9411764705882353,0.6176470588235294,5.249506950378418,2.837050199508667
60,0.014396095100571127,-1,2.5014793637263426e-05,0.07105490740607767,0.007185628747238833,9.439561731675091,0.0033955425024032593,0.02941176119972678,1.0,-1,0.9963235294117647,0.7100952746821385,3.631842350039412e-05,4.7922497341299755e-05,0.01553584898219389,0.8553921755622415,0.9852941176470589,0.9852941176470589,0.6617647058823529,5.468614101409912,2.7156150341033936
61,0.013350738322033602,-1,0.0,0.06801206925336052,0.0,10.0,0.0,0.0,1.0,-1,1.0,0.7373565973020068,0.00040617366047466505,5.09140218662865e-05,0.018694921451456407,0.8553921755622415,0.9852941176470589,0.9852941176470589,0.6323529411764706,5.292552709579468,2.0685744285583496
62,0.012366796241087072,-1,0.0,0.0686718085232903,0.0,10.0,0.0,0.0,1.0,-1,1.0,0.7356387119667203,0.0,0.0005529927199377733,0.01577238300267388,0.8553922316607308,1.0,0.9852941176470589,0.6176470588235294,3.9769086837768555,2.1205878257751465
63,0.013271066195824566,-1,0.0,0.07102525234222412,0.0,10.0,0.0,0.0,0.9975489448098576,-1,1.0,0.7285723966710708,0.0,0.0002208678051829338,0.01845061603714438,0.8578431746538948,1.0,0.9852941176470589,0.5441176470588235,4.301897764205933,2.272200345993042
64,0.012698537286590128,-1,0.0,0.07086892688975614,0.0,10.0,0.0,0.0,0.9987745846019072,-1,1.0,0.7613971186619178,7.236887947382296e-05,0.0004430703599663342,0.017237626454409433,0.8480392904842601,0.9852941176470589,0.9852941176470589,0.6176470588235294,3.942720413208008,2.003274440765381
65,0.010816569713985218,-1,0.0,0.06818284707910874,0.0,10.0,0.0,0.0,1.0,-1,1.0,0.7732121336693857,0.0007100870065829333,0.0011224425671731725,0.017431150464450613,0.8504902334774241,0.9705882352941176,0.9558823529411765,0.7058823529411765,3.7621910572052,2.069352626800537
66,0.011193765436901766,-1,0.0,0.0626136625514311,0.0,10.0,0.0,0.0,1.0,-1,1.0,0.7616638482785693,0.0002546564895002281,0.000962514868553947,0.019709767664180082,0.8578431746538948,0.9852941176470589,0.9558823529411765,0.6617647058823529,3.9433517456054688,2.1496706008911133
67,0.01059586160323199,-1,0.0,0.05568841976277968,0.0,10.0,0.0,0.0,1.0,-1,1.0,0.7933734819000843,2.868628143914975e-07,2.2697012515409905e-05,0.0174659227623659,0.8529411764705882,0.9852941176470589,0.9705882352941176,0.6176470588235294,3.8631820678710938,2.025644302368164
68,0.008851855993270874,-1,0.0,0.05151294960695155,0.0,10.0,0.0,0.0,1.0,-1,1.0,0.7948780433804381,0.0,0.0005123996011474554,0.015260207302430096,0.8553921755622415,1.0,0.9852941176470589,0.6617647058823529,3.8314993381500244,2.1864748001098633
69,0.00836498597088982,-1,0.0,0.045768187326543475,0.0,10.0,0.0,0.0,1.0,-1,1.0,0.8142840067545573,0.0,0.0008301808334448759,0.015861020368688247,0.8578431746538948,1.0,0.9705882352941176,0.6764705882352942,3.801267385482788,2.0582690238952637
70,0.00813678783528945,-1,0.0,0.051870616043315214,0.0,10.0,0.0,0.0,1.0,-1,1.0,0.7903263615626915,0.0,0.00015722669880179798,0.01686711346401888,0.8651961158303654,1.0,0.9705882352941176,0.6029411764705882,3.7853026390075684,2.129815101623535
71,0.007494886131847606,-1,0.0,0.04870443133746877,0.0,10.0,0.0,0.0,1.0,-1,1.0,0.7888463338216146,0.0,0.00012242127045550768,0.013904995778027703,0.8627451728372013,1.0,0.9852941176470589,0.6029411764705882,3.972794771194458,2.0059168338775635
72,0.009088929961709416,-1,0.0,0.05657371703316184,0.0,10.0,0.0,0.0,0.9987745846019072,-1,1.0,0.8049165314319087,0.0,0.0,0.01763440580929027,0.8602941176470589,1.0,1.0,0.6617647058823529,3.774116039276123,2.012418270111084
73,0.008218447951709522,-1,0.0,0.053124929175657386,0.0,10.0,0.0,0.0,1.0,-1,1.0,0.809264014748966,0.0,7.480269927969751e-05,0.011720352313097785,0.8602941176470589,1.0,0.9852941176470589,0.6764705882352942,3.95194673538208,2.046424627304077
74,0.008732737863765043,-1,0.0,0.05806845426559448,0.0,10.0,0.0,0.0,1.0,-1,1.0,0.846958833582261,0.0,0.0,0.012750667684218463,0.8480392343857709,1.0,1.0,0.7352941176470589,3.89631986618042,2.149986505508423
75,0.006980335449471194,-1,0.0,0.05226032172932344,0.0,10.0,0.0,0.0,1.0,-1,1.0,0.814507428337546,9.556365993750446e-05,0.00016950915896278971,0.01085902312222649,0.8480392343857709,0.9852941176470589,0.9558823529411765,0.6911764705882353,3.9352469444274902,2.0837161540985107
76,0.006931468844413757,-1,0.0,0.04700145300696878,0.0,10.0,0.0,0.0,1.0,-1,1.0,0.841460807650697,0.0,0.00020263513878864402,0.007718487697489122,0.8455882352941176,1.0,0.9852941176470589,0.6764705882352942,3.795185089111328,2.088998317718506
77,0.0070340282776776486,-1,0.0,0.05375655258403105,0.0,10.0,0.0,0.0,1.0,-1,1.0,0.8449799780752144,0.00031951160224921564,0.00037392105578499683,0.008508445585475248,0.8529412325690774,0.9852941176470589,0.9705882352941176,0.7205882352941176,4.000643014907837,2.1707663536071777
78,0.005979582229081322,-1,0.0,0.04470313647214104,0.0,10.0,0.0,0.0,1.0,-1,1.0,0.8790753682454427,0.0,0.0,0.01216861605644226,0.8529411764705882,1.0,1.0,0.6764705882352942,3.9126136302948,2.09968638420105
79,0.01063216696767246,-1,0.0,0.09203699055839987,0.0,10.0,0.0,0.0,0.9975490570068359,-1,1.0,0.8880374384861366,0.0,0.0001850025454426513,0.014711139833225924,0.8480392904842601,1.0,0.9852941176470589,0.6323529411764706,3.8730976581573486,2.197728157043457
80,0.0069006549961426675,-1,0.0,0.06386065483093262,0.0,10.0,0.0,0.0,1.0,-1,1.0,0.8471471001120174,0.0,0.00012999379952602526,0.006455791347167071,0.8529411764705882,1.0,0.9705882352941176,0.7941176470588235,4.070983171463013,2.20611834526062
81,0.006021103876478532,-1,1.3382735179381116e-06,0.04403875154607436,0.004861614283393411,9.455544864430147,0.0036182848407941707,0.02941175944664899,1.0,-1,0.9963235294117647,0.8642318575989967,9.830357157625258e-06,0.0006571230204666362,0.006851435145911048,0.8504902334774241,0.9852941176470589,0.9558823529411765,0.7352941176470589,3.7194466590881348,2.051262140274048
82,0.0067448957878000594,-1,0.0,0.050821998540092915,0.0,10.0,0.0,0.0,0.9987745846019072,-1,1.0,0.8675743551815257,0.00020460446146042908,9.523176670293597e-05,0.005960712538045996,0.8578431185554055,0.9852941176470589,0.9705882352941176,0.7941176470588235,4.176069974899292,2.2073097229003906
83,0.006254051099805271,-1,0.0,0.056223830756019146,0.0,10.0,0.0,0.0,1.0,-1,1.0,0.8800995770622703,0.0,0.0001588592798832585,0.010434818618437824,0.8578431185554055,1.0,0.9705882352941176,0.7205882352941176,3.8691227436065674,2.037860870361328
84,0.006714979077086729,-1,3.0139025886241783e-06,0.05316562862957225,0.010402199100045598,9.431642420151654,0.0035152200828580294,0.02941176119972678,1.0,-1,0.9963235294117647,0.882051056506587,0.0,0.0,0.005011729896068573,0.8553921755622415,1.0,1.0,0.7352941176470589,4.17148232460022,2.1888935565948486
85,0.005307975060799543,-1,0.0,0.03946413012111888,0.0,10.0,0.0,0.0,1.0,-1,1.0,0.8952466179342831,1.0897241950528149e-05,5.795628599384252e-05,0.0057196888853521905,0.8553922316607308,0.9852941176470589,0.9852941176470589,0.75,3.843710422515869,2.1359055042266846
86,0.005370501209707821,-1,0.0,0.059306852957781625,0.0,10.0,0.0,0.0,1.0,-1,1.0,0.916478250540939,0.0,6.828717339564773e-05,0.0085572749376297,0.850490177378935,1.0,0.9852941176470589,0.6617647058823529,4.279143571853638,2.243403673171997
87,0.0045943422352566436,-1,0.0,0.03732665146098418,0.0,10.0,0.0,0.0,1.0,-1,1.0,0.8956179151348039,4.612784558797584e-05,0.00045753900399979423,0.007275917512529036,0.8578431746538948,0.9852941176470589,0.9558823529411765,0.7352941176470589,3.9104723930358887,2.0417468547821045
88,0.00486085081801695,-1,0.0,0.03826825057759004,0.0,10.0,0.0,0.0,1.0,-1,1.0,0.9211994993920419,0.0,1.6983862117152003e-05,0.009391041362986845,0.8480392904842601,1.0,0.9852941176470589,0.6617647058823529,3.764108419418335,2.2440924644470215
89,0.004022817401325002,-1,0.0,0.033697152838987464,0.0,10.0,0.0,0.0,1.0,-1,1.0,0.9367520949419808,0.0,0.00018930457094136407,0.008287472759976107,0.8480392343857709,1.0,0.9705882352941176,0.7205882352941176,4.196592330932617,2.189915657043457
90,0.0039430488558376536,-1,0.0,0.03251729642643648,0.0,10.0,0.0,0.0,1.0,-1,1.0,0.9353825438256357,0.0001523084390689345,0.0005808481398750754,0.01064356547944686,0.8553921755622415,0.9852941176470589,0.9705882352941176,0.7058823529411765,3.792827844619751,2.2263987064361572
91,0.004563382443259744,-1,0.0,0.03728709851994234,0.0,10.0,0.0,0.0,1.0,-1,1.0,0.9635774201037837,0.0,0.0,0.005416533526252298,0.8431373483994428,1.0,1.0,0.75,4.00927209854126,2.27783465385437
92,0.005001668982646044,-1,0.0,0.05303233861923218,0.0,10.0,0.0,0.0,1.0,-1,1.0,0.9374306622673484,2.9013680485898958e-05,0.000303608036654837,0.006152726271573235,0.8529411764705882,0.9852941176470589,0.9705882352941176,0.8676470588235294,4.183403968811035,2.227353811264038
93,0.0034679590779192306,-1,0.0,0.026381532935535208,0.0,10.0,0.0,0.0,1.0,-1,1.0,0.9321706435259651,0.0,0.00011124722796547062,0.005058013779275557,0.8480392343857709,1.0,0.9852941176470589,0.7941176470588235,4.301131010055542,2.158996343612671
94,0.003829342477461871,-1,0.0,0.0326007604598999,0.0,10.0,0.0,0.0,1.0,-1,1.0,0.9239360584932215,0.0,8.81097512319684e-05,0.005469319574973162,0.8480392343857709,1.0,0.9852941176470589,0.7205882352941176,3.9511592388153076,2.2312498092651367
95,0.003160615615984973,-1,0.0,0.02804673243971432,0.0,10.0,0.0,0.0,1.0,-1,1.0,0.960593578862209,0.0,0.0003775327521211961,0.008486366447280435,0.8455882352941176,1.0,0.9705882352941176,0.7058823529411765,4.340521574020386,2.12473726272583
96,0.0027469293597866505,-1,0.0,0.02007726185462054,0.0,10.0,0.0,0.0,1.0,-1,1.0,0.9416916791130515,0.0001300238209831364,7.634998901801951e-05,0.008538417956408332,0.8431372923009536,0.9852941176470589,0.9705882352941176,0.7794117647058824,4.118546485900879,2.2006125450134277
97,0.0037145307835410625,-1,0.0,0.03652423620223999,0.0,10.0,0.0,0.0,1.0,-1,1.0,0.9508523380055147,4.9864558283897006e-05,0.00023911600275074735,0.005480737808872671,0.8431372923009536,0.9852941176470589,0.9705882352941176,0.7647058823529411,4.142531156539917,2.148463726043701
98,0.0028561894946238574,-1,0.0,0.02281485585605397,0.0,10.0,0.0,0.0,1.0,-1,1.0,0.9693221297918582,0.0,0.00032249750459895413,0.007349071257254656,0.8455882352941176,1.0,0.9705882352941176,0.7352941176470589,3.7983481884002686,2.0624992847442627
99,0.003102392834775588,-1,0.0,0.026058090083739337,0.0,10.0,0.0,0.0,1.0,-1,1.0,0.9596164179783241,0.0,0.00017139845637275893,0.004999093273106743,0.8529411764705882,1.0,0.9852941176470589,0.8235294117647058,3.8039021492004395,2.2513577938079834
100,0.0030438457341755137,-1,0.0,0.027921951868954825,0.0,10.0,0.0,0.0,1.0,-1,1.0,0.9648258732814415,0.00010285327923210228,0.00017901414128787378,0.008581464781480677,0.8480392343857709,0.9852941176470589,0.9852941176470589,0.7647058823529411,3.9652490615844727,2.0518345832824707
