#['../main.py', '--dataset=dice', '--epochs=100', '--batch-size=16', '--lr=1e-3', '--save-onnx', '--save-imgs', '--epsilon=0.0156862745', '--oracle-steps=30', '--oracle-restarts=3', '--constraint=NotBoth', '--alpha=0.5', '--seed=0', '--logic=YG']
Epoch,Train-P-Loss,Train-R-Loss,Train-C-Loss,Train-P-Grad,Train-C-Grad,Train-C-Weight,Train-Weighted-C-Grad,Train-Grad-Ratio,Train-P-Metric,Train-C-Acc,Train-C-Sec,Test-P-Loss,Test-R-Loss,Test-C-Loss-self,Test-C-Loss-common,Test-P-Metric,Test-C-Acc,Test-C-Sec-self,Test-C-Sec-common,Train-Time,Test-Time
0,0.0,-1,,-1,-1,-1,-1,-1,0.0,-1,0.0,0.6962748508827359,0.3312038533827838,0.3505525308496812,0.34698977189905506,0.4950980579151827,0.0,0.0,0.0,0.0,2.330125570297241
1,0.6968846040613511,-1,0.324916587156408,0.05875126754536348,0.3629053620731129,0.08238700558157529,0.02937563377268174,0.4999999439015108,0.49816182080437155,-1,0.0,0.6948653576420802,0.29925884920008045,0.31258167940027576,0.3096977402182186,0.4926471149220186,0.0,0.0,0.0,4.301351547241211,2.011526346206665
2,0.6937977285946116,-1,0.3105141976300408,0.05699386316187242,0.5298395717845243,0.0551757532007554,0.02849693158093621,0.4999999439015108,0.5024510551901424,-1,0.0,0.6937132442698759,0.2785470064948587,0.3017089226666619,0.30051635293399587,0.5049019981833065,0.0,0.0,0.0,4.261814832687378,1.9918158054351807
3,0.6921561185051414,-1,0.24793840857113109,0.05215566298540901,0.4704916897942038,0.06778264045715332,0.026077829739626718,0.4999999439015108,0.5091912325690774,-1,0.19117647058823528,0.6961961634018842,0.12933683395385742,0.14363532907822552,0.1742696762084961,0.48774511673871207,0.5441176470588235,0.5294117647058824,0.38235294117647056,4.295615196228027,2.120098829269409
4,0.6903699426090016,-1,0.14919509607202866,0.06381244519177605,0.24875054639928482,0.14277883136973663,0.031906222595888024,0.4999999439015108,0.5165441737455481,-1,0.4963235294117647,0.7006574144550398,0.09051538214964025,0.10691573339350083,0.14319154795478373,0.4754902334774242,0.6470588235294118,0.6323529411764706,0.4264705882352941,4.197484970092773,2.0419578552246094
5,0.6878092148724724,-1,0.12343371615690343,0.06347991438472972,0.2619182362275965,0.14894851516274846,0.03173995719236486,0.4999999439015108,0.5337009990916532,-1,0.5661764705882353,0.6942140167834712,0.07003116607666016,0.08475670393775492,0.15479299601386576,0.49754900090834675,0.6911764705882353,0.6911764705882353,0.36764705882352944,4.187878608703613,2.0835142135620117
6,0.6841126610251034,-1,0.07686498585869284,0.07146992402918198,0.20907929364372702,0.23297293045941522,0.03573496201459099,0.4999999439015108,0.5392157049740062,-1,0.7169117647058824,0.6968379301183364,0.05575166029088637,0.06657053442562327,0.08939717096440933,0.5,0.75,0.75,0.6176470588235294,4.374462366104126,2.0861268043518066
7,0.6805109697229722,-1,0.03713305557475371,0.07514372993918027,0.13321346395155964,0.8891263849595014,0.034269939450656664,0.47058817919562845,0.5625000560984892,-1,0.8566176470588235,0.6974600997625613,0.02449034943300135,0.03304558641770307,0.07512732113108915,0.5122549393597771,0.8676470588235294,0.8676470588235294,0.6323529411764706,4.291820764541626,2.0221965312957764
8,0.6761143628288718,-1,0.031455467729007494,0.07442334119011373,0.14957845912260168,2.0218218635110294,0.029333424918791828,0.41176464978386373,0.5698529972749597,-1,0.875,0.696406644933364,0.02111319759312798,0.03778482535306145,0.06139062432681813,0.5441176470588235,0.8676470588235294,0.8382352941176471,0.7205882352941176,4.673830270767212,2.1468474864959717
9,0.6699042600743911,-1,0.013120524146977593,0.0918267474454992,0.08756146711461685,3.8141461540670956,0.027799248695373535,0.3235293837154613,0.5851715312284582,-1,0.9485294117647058,0.6942936766381357,0.012571365517728469,0.021141164443072152,0.05554055115755867,0.5367647058823529,0.9411764705882353,0.9117647058823529,0.7647058823529411,4.836248874664307,1.9875352382659912
10,0.6601026198443245,-1,0.017712863052592558,0.08119019340066348,0.060385998557595646,4.940955666934743,0.022657974677927354,0.2647058543036966,0.6207108217127183,-1,0.9375,0.6903698491115197,0.01702917498700759,0.024855938027886784,0.08330811472500071,0.5514705882352942,0.9117647058823529,0.9117647058823529,0.6470588235294118,4.260481119155884,2.1426429748535156
11,0.6503169115851907,-1,0.017644503537346336,0.10052154344670913,0.40814699846155506,3.917999267578125,0.03398545349345488,0.32352935566621666,0.6200980018166935,-1,0.9301470588235294,0.694180731679879,0.02282757092924679,0.02874478873084573,0.07191559847663431,0.5441177031573128,0.8970588235294118,0.8970588235294118,0.6911764705882353,4.3241126537323,2.5418498516082764
12,0.6361287060905906,-1,0.015618285712073831,0.12043948734507841,0.2735874512616326,3.4374627506031707,0.044029232333688176,0.3529411484213436,0.6366421194637523,-1,0.9411764705882353,0.688042584587546,0.013052693184684305,0.020611966357511634,0.02918388387736152,0.5735294117647058,0.9411764705882353,0.9264705882352942,0.8676470588235294,4.340932846069336,1.9910163879394531
13,0.6194045683916878,-1,0.018940326045541203,0.13770260530359604,0.33774810678818645,3.9794284596162686,0.0460896842619952,0.32352935566621666,0.6433824090396657,-1,0.9301470588235294,0.6965937146953508,0.02942797716926126,0.03711562647539027,0.0949787322212668,0.5196078805362477,0.8823529411764706,0.8676470588235294,0.6323529411764706,4.113658666610718,1.9371724128723145
14,0.5978517532348633,-1,0.011582996915368474,0.1623368122998406,0.21747339473051183,4.380314097684972,0.04630796698962941,0.29411761900957895,0.6795342950259938,-1,0.9522058823529411,0.6798242307176777,0.011935492648797877,0.01270429527058321,0.04910494299495921,0.5833333520328298,0.9411764705882353,0.9411764705882353,0.7794117647058824,3.9391591548919678,1.9564967155456543
15,0.5736339793485754,-1,0.014697473715333378,0.1687626978930305,0.2881295260261087,4.387368594898897,0.04779797441819135,0.29411761900957895,0.7273284687715418,-1,0.9411764705882353,0.6652567246380974,0.023466026081758386,0.02548138359013726,0.12300581090590533,0.5931372362024644,0.9117647058823529,0.9117647058823529,0.5147058823529411,4.158830642700195,1.9334900379180908
16,0.5495587517233456,-1,0.008935892406631918,0.18635888660655303,0.05885418723611271,7.281565497903263,0.02643335040877847,0.14705879548016718,0.7530636506922105,-1,0.9705882352941176,0.6563100627824372,0.01350325345993042,0.015663271441179162,0.06939471469205968,0.6078431185554055,0.9411764705882353,0.9411764705882353,0.7352941176470589,4.024128675460815,1.9470882415771484
17,0.5137750962201286,-1,0.01161118465311387,0.21149611473083496,0.11665197680978213,5.443962994743796,0.058087215704076434,0.2647058543036966,0.7806372923009536,-1,0.9595588235294118,0.6421924665862438,0.011980699265704435,0.014012918752782485,0.08239876522737391,0.5980392343857709,0.9558823529411765,0.9558823529411765,0.7058823529411765,4.001373052597046,1.981020450592041
18,0.48729773128733916,-1,0.014905777047662175,0.25794093749102426,0.33240607205559225,4.479199577780331,0.07168798586901497,0.29411761900957895,0.7794117647058824,-1,0.9411764705882353,0.6723736033720129,0.006079148720292484,0.010065824669950148,0.06258908440085019,0.6127451167387121,0.9705882352941176,0.9558823529411765,0.7794117647058824,4.168024301528931,2.0959525108337402
19,0.454015058629653,-1,0.008115720222978032,0.22971603449653177,0.7907192005830652,6.493889752556296,0.052249971558065975,0.20588232489193187,0.8143382913926068,-1,0.9669117647058824,0.6327978395948223,0.007278300383511712,0.010990504832828747,0.0825806926278507,0.6446078805362477,0.9705882352941176,0.9558823529411765,0.6764705882352942,4.649179697036743,1.9662644863128662
20,0.4254881914924173,-1,0.012949173064792858,0.24982371049768784,0.12496841655058019,5.817105910357307,0.05866854331072639,0.23529408959781423,0.8308822968426872,-1,0.9558823529411765,0.621576608396044,0.006469524958554436,0.015355338068569408,0.0985033021253698,0.6470588235294118,0.9705882352941176,0.9411764705882353,0.6323529411764706,4.032970905303955,1.9890427589416504
21,0.400142136742087,-1,0.014844296609654146,0.2865317288567038,0.3284912109375,4.121714423684513,0.08523212460910573,0.3235294117647059,0.8394608217127183,-1,0.9448529411764706,0.6209487167059207,0.012199477237813613,0.02136908909853767,0.09693102275623995,0.6617647619808421,0.9558823529411765,0.9264705882352942,0.6470588235294118,4.080082893371582,1.9310798645019531
22,0.3751419011284323,-1,0.015093463308670941,0.2920365894542021,0.24709263969870174,5.498600230497472,0.06660597464617561,0.23529411764705882,0.8498775257783777,-1,0.9485294117647058,0.6001372991823682,0.012872904539108276,0.021579384803771973,0.11184558447669535,0.6838235294117647,0.9558823529411765,0.9264705882352942,0.6176470588235294,4.362352132797241,2.063324451446533
23,0.33799227546243105,-1,0.00758516087251551,0.27137114019954905,0.09416501662310432,7.174231136546416,0.0580629075274748,0.1764705601860495,0.8682598787195542,-1,0.9742647058823529,0.5789055543787339,0.007724066867547876,0.011246633880278644,0.08610763269312241,0.6887255275950712,0.9705882352941176,0.9558823529411765,0.7205882352941176,3.9498395919799805,1.9912517070770264
24,0.3119859975927016,-1,0.014123491504613091,0.27611788581399355,0.7483292747946346,4.017750908346737,0.09501819049610812,0.3235294117647059,0.8878677031573128,-1,0.9448529411764706,0.5886167264452168,0.0196954467717339,0.025682773660211003,0.11622879084418802,0.7058823529411765,0.9411764705882353,0.9117647058823529,0.6029411764705882,4.109108924865723,2.0829198360443115
25,0.2895963332232307,-1,0.009045226609005648,0.30066585540771484,0.822537758771111,6.267436756807215,0.05748013187857235,0.20588235294117646,0.9007352380191579,-1,0.9669117647058824,0.5809199763279335,0.015117946793051326,0.0204849032794728,0.09873231719521915,0.7303921755622415,0.9558823529411765,0.9411764705882353,0.6617647058823529,4.135304689407349,2.25016188621521
26,0.27046632766723633,-1,0.008617323111085332,0.2867528691011317,0.5448475445018095,6.656010347254136,0.05520165667814367,0.17647058823529413,0.9117647058823529,-1,0.9669117647058824,0.5507113886814491,0.01969595516429228,0.02178492966820212,0.1309032440185547,0.7303921755622415,0.9264705882352942,0.9264705882352942,0.5735294117647058,4.576443433761597,2.110285758972168
27,0.25067006840425377,-1,0.005444133106399985,0.2989671090069939,0.3352026097914752,7.320611841538373,0.043092776747310865,0.14705880950478947,0.9178921755622415,-1,0.9816176470588235,0.5657982545740464,0.010127979166367474,0.02015162566128899,0.12355706271003275,0.7426470588235294,0.9558823529411765,0.9264705882352942,0.5882352941176471,4.366485118865967,2.1783061027526855
28,0.23635278028600357,-1,0.010646351996590109,0.3499018725226907,0.4776011635275448,5.6318067662856155,0.08442403288448558,0.23529411764705882,0.9221813538495232,-1,0.9632352941176471,0.5603878544826134,0.007741333807215971,0.011257303111693439,0.12389483171350815,0.7426470588235294,0.9705882352941176,0.9558823529411765,0.6029411764705882,4.238358497619629,2.0051941871643066
29,0.22005845518673167,-1,0.0059563955839942485,0.3302793222315171,0.5133376402013442,6.547766292796416,0.06541183415581198,0.17647058823529413,0.9185048271627987,-1,0.9742647058823529,0.5367708393171722,0.005003731916932499,0.008977100253105164,0.10941601500791662,0.7745098787195542,0.9852941176470589,0.9705882352941176,0.6176470588235294,4.243695497512817,2.0595955848693848
30,0.19879663691801183,-1,0.002535036381553201,0.35352611541748047,0.2997737211339614,8.26346633013557,0.021354624453712914,0.08823529411764706,0.9344362932093003,-1,0.9889705882352942,0.5859136020436007,0.012385712826953214,0.018658662543577308,0.11591090875513413,0.7622549393597771,0.9558823529411765,0.9117647058823529,0.6323529411764706,4.253326654434204,2.1473419666290283
31,0.18628239631652832,-1,0.005266711115837097,0.3254240260404699,0.728535483865177,6.605950748219209,0.06816577210145838,0.17647058823529413,0.9387255275950712,-1,0.9779411764705882,0.5386597502465341,0.012176976484410903,0.010466507252524881,0.12912354749791763,0.8088235294117647,0.9558823529411765,0.9705882352941176,0.6029411764705882,4.220104694366455,1.9681072235107422
32,0.17583183681263642,-1,0.005500579581541174,0.3332987112157485,0.14020273264716654,7.22730614157284,0.05504643566468183,0.14705882352941177,0.9479167040656594,-1,0.9816176470588235,0.5326719097062653,0.012419649783302756,0.016119055888232064,0.11027078768786262,0.7892157049740062,0.9558823529411765,0.9411764705882353,0.6323529411764706,4.1339476108551025,1.9856243133544922
33,0.1662166539360495,-1,0.0066328846356448,0.34920092190013213,3.0688155679141773,7.138204237994025,0.06174177281996783,0.14705882352941177,0.9405637628891889,-1,0.9742647058823529,0.5842736562093099,0.014296665787696838,0.019915990969713998,0.09131425969740924,0.7647059384514304,0.9558823529411765,0.9411764705882353,0.7058823529411765,3.976461410522461,1.9838547706604004
34,0.14901124729829676,-1,0.003547098268480862,0.35970718720379996,1.219176685108858,8.261035694795495,0.03183580146116369,0.08823529411764706,0.9577205882352942,-1,0.9852941176470589,0.5481966804055607,0.012418070260216208,0.014945901492062737,0.09762747848735136,0.8137255275950712,0.9558823529411765,0.9411764705882353,0.6617647058823529,3.8761866092681885,1.937082290649414
35,0.13288099625531366,-1,0.006577501840451185,0.3212914186365464,0.5527146283318015,6.0434278600356155,0.07167152096243466,0.20588235294117646,0.96875,-1,0.9742647058823529,0.5499516655417049,0.006339136291952694,0.01199108362197876,0.09371533113367417,0.8137255275950712,0.9705882352941176,0.9558823529411765,0.7058823529411765,3.912874460220337,2.03877329826355
36,0.12216357623829562,-1,0.0036677240448839523,0.26311585482429056,2.516918182373047,7.174520155962775,0.03911333574968226,0.14705882352941177,0.9761028289794922,-1,0.9816176470588235,0.5414264155369178,0.007404700798146865,0.007933168726808885,0.0915893035776475,0.8259804669548484,0.9705882352941176,0.9705882352941176,0.6911764705882353,5.195283651351929,2.683717727661133
37,0.11212618911967558,-1,0.003987203626071706,0.283166576834286,0.2263169428881477,7.715962129480698,0.04210844460655661,0.11764705882352941,0.9791667040656594,-1,0.9852941176470589,0.5821783776376762,0.004302284296821146,0.013873965424649855,0.07346927418428309,0.7941177031573128,0.9852941176470589,0.9558823529411765,0.75,5.359678506851196,3.1374473571777344
38,0.10485128094168271,-1,0.0033679067650262046,0.2896299362182617,0.8600737066829905,8.26336669921875,0.0251271689639372,0.08823529411764706,0.9791667040656594,-1,0.9852941176470589,0.5717724070829504,0.004799564095104442,0.0124301016330719,0.07948469414430506,0.8088235855102539,0.9852941176470589,0.9558823529411765,0.7205882352941176,5.322757005691528,2.682177782058716
39,0.09401052839615766,-1,0.0019672057207892925,0.2605448610642377,0.06462547358344584,8.87876802332261,0.01677626371383667,0.05882352590560913,0.9810049393597771,-1,0.9926470588235294,0.5784494736615349,0.0,0.0165405974668615,0.11676532380721148,0.7941177031573128,1.0,0.9411764705882353,0.5735294117647058,5.169651746749878,2.3848068714141846
40,0.08664725808536305,-1,0.003059175084618961,0.24034530976239374,0.14012830397661993,8.27326067756204,0.0277901852832121,0.08823529411764706,0.9859069375430837,-1,0.9889705882352942,0.5589350158093023,0.0,0.0,0.07782252395854276,0.8137255275950712,1.0,1.0,0.7352941176470589,5.3232176303863525,2.6580212116241455
41,0.08422018499935374,-1,0.0011814300189999973,0.30007777494542737,0.01766004106577705,9.433298447552849,0.0064647977843004115,0.029411764705882353,0.984681297751034,-1,0.9963235294117647,0.5771622003293505,0.0,0.009698406738393447,0.07512939677518957,0.8161765266867245,1.0,0.9705882352941176,0.75,5.255506992340088,2.5956385135650635
42,0.07342284567215863,-1,0.0021647122852942523,0.23006412562202005,0.06446611180024989,8.8521728515625,0.010366492411669563,0.05882352239945356,0.9852941176470589,-1,0.9926470588235294,0.5874902313830805,0.005294170449761783,0.005306465660824496,0.0858772642472211,0.8063725864186007,0.9852941176470589,0.9852941176470589,0.7205882352941176,5.204386234283447,2.635737419128418
43,0.0705027650384342,-1,0.003404685898738749,0.24663439918966854,0.1254736114950741,8.393829345703125,0.03043054833131678,0.08823528009302475,0.9834559945499196,-1,0.9889705882352942,0.6070424248190487,0.004852000404806698,0.004953613176065332,0.0741653512505924,0.823529467863195,0.9852941176470589,0.9852941176470589,0.75,5.057596921920776,2.397435426712036
44,0.06823363724876852,-1,0.0037911451038192302,0.23957269331988165,0.7447113710291245,7.087488511029412,0.02936785010730519,0.14705880950478947,0.9901961158303654,-1,0.9816176470588235,0.6145250657025505,0.007490274660727557,0.011102097875931683,0.05672008850995232,0.8284314099480125,0.9705882352941176,0.9558823529411765,0.8088235294117647,4.907080888748169,2.4336204528808594
45,0.06526517166810877,-1,0.0017237954718225142,0.24585670583388386,0.1673297180848963,8.86004638671875,0.033481552320368146,0.058823529411764705,0.9828431746538948,-1,0.9926470588235294,0.6202029807894838,0.004403779611868017,0.008367370156680836,0.06041437036850873,0.7941176470588235,0.9852941176470589,0.9705882352941176,0.7794117647058824,4.78820276260376,3.1236109733581543
46,0.05899436333600212,-1,0.0,0.23251202527214498,0.0,10.0,0.0,0.0,0.9932598787195542,-1,1.0,0.6350975036621094,0.009815306347959182,0.010193893138100119,0.07705433929667753,0.8186275257783777,0.9705882352941176,0.9705882352941176,0.75,5.556175470352173,2.298466444015503
47,0.05127380875980153,-1,0.0012230423881727107,0.1915004533879897,0.011325808132396024,9.482088874368106,0.013540207463152269,0.029411762952804565,0.9950981140136719,-1,0.9963235294117647,0.621101416793524,0.008316626443582423,0.009213028585209566,0.07564795718473546,0.8088235855102539,0.9705882352941176,0.9705882352941176,0.75,4.721385717391968,2.334359645843506
48,0.04768537423189949,-1,0.0,0.19979803702410528,0.0,10.0,0.0,0.0,0.992034351124483,-1,1.0,0.6757585114123774,0.0,0.0,0.0882705800673541,0.8039215873269474,1.0,1.0,0.6911764705882353,4.448763132095337,2.222111225128174
49,0.044336985139285814,-1,0.0008681383641327129,0.18280011064866009,0.200500768773696,9.414791331571692,0.010316214140723734,0.029411764705882353,0.9957108217127183,-1,0.9963235294117647,0.6625289916992188,0.0,0.0,0.059994957026313335,0.8088235294117647,1.0,1.0,0.7941176470588235,4.2597503662109375,2.316176176071167
50,0.040979343302109665,-1,0.0,0.14689048598794377,0.0,10.0,0.0,0.0,0.9975489448098576,-1,1.0,0.6474442575492111,0.004362354383749121,0.00846892419983359,0.07911629536572624,0.8210784687715418,0.9852941176470589,0.9705882352941176,0.75,4.680236101150513,2.6626064777374268
51,0.042252575649934655,-1,0.0011414510800557979,0.18681920275968664,1.7023018107694738,8.838927325080423,0.011500796850989847,0.05882352590560913,0.9944852941176471,-1,0.9926470588235294,0.6564748427447151,0.007855309283032137,0.003828531678985147,0.08342511513653923,0.8210784687715418,0.9705882352941176,0.9852941176470589,0.7058823529411765,5.885141611099243,2.704345226287842
52,0.03639130381976857,-1,0.0007931456408079932,0.16783855943118825,0.21154299904318416,9.413897346047793,0.007669541765661801,0.029411764705882353,0.9957107095157399,-1,0.9963235294117647,0.6677564733168658,0.003619240487323088,0.006588469533359303,0.06557969486012179,0.8161764705882353,0.9852941176470589,0.9705882352941176,0.7647058823529411,4.709514617919922,2.604724168777466
53,0.03380363478380091,-1,0.0008855782010976006,0.16605329513549805,0.12831997871398926,9.415493235868567,0.008134294082136714,0.02941176119972678,0.9963235294117647,-1,0.9963235294117647,0.6962444829005822,0.007883742451667786,0.007038732661920435,0.08232596341301412,0.8161764705882353,0.9705882352941176,0.9705882352941176,0.7058823529411765,5.006154775619507,2.6402390003204346
54,0.03087148946874282,-1,0.0,0.14998343411613912,0.0,10.0,0.0,0.0,0.9975489448098576,-1,1.0,0.6680822933421415,0.0,0.004255982006297392,0.0812913600136252,0.8186275257783777,1.0,0.9852941176470589,0.7352941176470589,5.373138427734375,2.5887224674224854
55,0.029079219874213722,-1,0.0,0.15851762715507955,0.0,10.0,0.0,0.0,0.9975489448098576,-1,1.0,0.6799496669395297,0.0,0.0,0.08817295467152315,0.8161765266867245,1.0,1.0,0.6911764705882353,5.610202312469482,2.7822952270507812
56,0.02724544265690972,-1,0.0009995968464542838,0.13257694244384766,0.041069426957298726,9.416236428653493,0.0031216953168897066,0.029411764705882353,0.9981617647058824,-1,0.9963235294117647,0.7221880146101409,0.0,0.004382599802578197,0.06480033958659452,0.8186275257783777,1.0,0.9852941176470589,0.7794117647058824,5.214332103729248,3.079962968826294
57,0.025147757109473732,-1,0.0,0.12577285486109116,0.0,10.0,0.0,0.0,0.9975490570068359,-1,1.0,0.7246867161171109,0.0,0.0,0.09440675903769101,0.811274528503418,1.0,1.0,0.6617647058823529,5.207066774368286,2.586744785308838
58,0.024983784731696632,-1,0.0,0.11940273116616641,0.0,10.0,0.0,0.0,0.9987745846019072,-1,1.0,0.7320129544127221,0.0,0.0,0.077887962846195,0.8186275257783777,1.0,1.0,0.7205882352941176,4.935797214508057,2.565624952316284
59,0.022441110190223244,-1,0.0009392723441123962,0.12903220513287714,0.030596975017996395,9.416988597196692,0.002717499347294078,0.029411762952804565,0.9981617647058824,-1,0.9963235294117647,0.740212085200291,0.0,0.0,0.07709242315853343,0.8210784687715418,1.0,1.0,0.7352941176470589,4.5167553424835205,2.612616777420044
60,0.020022802493151498,-1,0.0,0.10410186823676615,0.0,10.0,0.0,0.0,1.0,-1,1.0,0.7600140291101792,0.0,0.006703055956784417,0.08043185402365292,0.8039215873269474,1.0,0.9705882352941176,0.7352941176470589,4.79599666595459,2.363635301589966
61,0.01966646488975076,-1,0.0006221497760099523,0.10364090695100672,0.22872509675867417,9.412692799287683,0.0036087796530302834,0.02941176119972678,0.9975489448098576,-1,0.9963235294117647,0.7825636770211014,0.0,0.0,0.09894955158233643,0.8137255275950712,1.0,1.0,0.6617647058823529,4.704097509384155,2.3362765312194824
62,0.01844001342268551,-1,0.0007994795108542723,0.11399917041554171,0.08315394205205581,9.414640538832721,0.0040655981968430914,0.02941176119972678,0.9975490570068359,-1,0.9963235294117647,0.7860681122424555,0.0,0.0,0.07786773232852712,0.8088235855102539,1.0,1.0,0.7205882352941176,4.374340057373047,2.2895455360412598
63,0.017821522320018095,-1,0.0,0.1146403621224796,0.0,10.0,0.0,0.0,0.9987745846019072,-1,1.0,0.77538688510072,0.0,0.0,0.08112057517556583,0.8235294117647058,1.0,1.0,0.7205882352941176,4.385897874832153,2.250253915786743
64,0.017412964035482967,-1,0.0,0.12256995369406308,0.0,10.0,0.0,0.0,0.9987745846019072,-1,1.0,0.8141087550742954,0.0,0.0,0.0631089631248923,0.8088235855102539,1.0,1.0,0.7941176470588235,4.343926191329956,2.342766046524048
65,0.017786040025598863,-1,0.0,0.11818613725550034,0.0,10.0,0.0,0.0,0.9993872923009536,-1,1.0,0.8044167312921262,0.0,0.0,0.1085751267040477,0.8210784687715418,1.0,1.0,0.6029411764705882,5.08024525642395,2.9238648414611816
66,0.015283619656282313,-1,0.0,0.09453307881074793,0.0,10.0,0.0,0.0,1.0,-1,1.0,0.8132520937452129,0.0,0.0,0.08977998004240148,0.8235294117647058,1.0,1.0,0.6764705882352942,5.0047571659088135,2.642261028289795
67,0.01459397901506985,-1,0.0,0.0953676139607149,0.0,10.0,0.0,0.0,1.0,-1,1.0,0.8382498049268535,0.0,0.0,0.08178374346564798,0.8210784687715418,1.0,1.0,0.7058823529411765,4.814984321594238,2.20463490486145
68,0.011001052225337309,-1,0.0,0.0659790319554946,0.0,10.0,0.0,0.0,1.0,-1,1.0,0.8391698949477252,0.0,0.0,0.08501700092764462,0.8210784687715418,1.0,1.0,0.7058823529411765,4.467153310775757,2.256831407546997
69,0.011143042760736802,-1,0.0,0.0702966942506678,0.0,10.0,0.0,0.0,1.0,-1,1.0,0.8438239004097733,0.0,0.005204137633828556,0.08143643070669736,0.8235294117647058,1.0,0.9705882352941176,0.7058823529411765,4.4835898876190186,2.162315607070923
70,0.013220414519309998,-1,0.0,0.0986098051071167,0.0,10.0,0.0,0.0,0.9993871801039752,-1,1.0,0.8540608275170419,0.0,0.003464030868866864,0.09062778949737549,0.8308823529411765,1.0,0.9852941176470589,0.6911764705882353,4.221987962722778,1.9617044925689697
71,0.011132587404812084,-1,0.0,0.08611265350790585,0.0,10.0,0.0,0.0,1.0,-1,1.0,0.844533733293122,0.0029591839103137747,0.00491647159352022,0.09420707646538229,0.8284314099480125,0.9852941176470589,0.9852941176470589,0.6764705882352942,4.051557779312134,2.143054723739624
72,0.012243284022106844,-1,0.00011266833719085244,0.09311268610112808,10.30900124942555,9.411786247702207,0.0037430117235464208,0.02941176119972678,0.9993872923009536,-1,0.9963235294117647,0.843563902611826,0.0,0.003395486403914059,0.08655024276060216,0.8284314099480125,1.0,0.9852941176470589,0.6911764705882353,4.557803153991699,1.9992845058441162
73,0.011891934801550472,-1,0.0011549068286138423,0.08810877098756678,0.046739872764138615,9.421228745404411,0.007519829799147213,0.029411764705882353,1.0,-1,0.9963235294117647,0.860656364291322,0.0,0.008612724788048687,0.06409262208377614,0.8210784687715418,1.0,0.9705882352941176,0.7794117647058824,4.558175086975098,2.2398276329040527
74,0.01670544287737678,-1,0.0,0.16698631118325627,0.0,10.0,0.0,0.0,0.9975490570068359,-1,1.0,0.9397847044701669,0.0,0.0,0.09814908223993637,0.8235294117647058,1.0,1.0,0.6470588235294118,4.460982084274292,2.016427993774414
75,0.012143578599481022,-1,0.0,0.11197714244618136,0.0,10.0,0.0,0.0,0.9987744724049288,-1,1.0,0.9137778188668045,0.0,0.0,0.07647718401516185,0.8186274696798885,1.0,1.0,0.7205882352941176,4.270238161087036,2.0478639602661133
76,0.01072500295498792,-1,0.0,0.08559437359080595,0.0,10.0,0.0,0.0,1.0,-1,1.0,0.8805649701286765,0.0,0.0,0.06989630530862247,0.8186274696798885,1.0,1.0,0.7647058823529411,4.461749076843262,1.9262101650238037
77,0.010684817152864793,-1,0.0,0.105454262565164,0.0,10.0,0.0,0.0,1.0,-1,1.0,0.9323099173751532,0.0,0.002438817830646739,0.06384888817282285,0.8137255275950712,1.0,0.9852941176470589,0.7647058823529411,4.005563020706177,2.121608257293701
78,0.008001608883633334,-1,0.0,0.06763360079597025,0.0,10.0,0.0,0.0,1.0,-1,1.0,0.9479389564663756,0.0029268983532400694,0.0,0.072860787896549,0.8161764705882353,0.9852941176470589,1.0,0.75,4.0501484870910645,2.155285596847534
79,0.009647294878959656,-1,0.0,0.06766619401819565,0.0,10.0,0.0,0.0,1.0,-1,1.0,0.9565827612783394,0.0,0.0,0.06240018676309025,0.8235294117647058,1.0,1.0,0.7647058823529411,3.991101026535034,2.1542117595672607
80,0.007707110222648172,-1,0.0,0.06351170820348404,0.0,10.0,0.0,0.0,1.0,-1,1.0,0.9274435604319853,0.0,0.0,0.05668211684507482,0.8186274696798885,1.0,1.0,0.8088235294117647,4.522796630859375,1.8950767517089844
81,0.007872893529779771,-1,0.0,0.06232501478756175,0.0,10.0,0.0,0.0,1.0,-1,1.0,0.9165702520632276,0.0,0.0,0.06237161159515381,0.8161764705882353,1.0,1.0,0.7794117647058824,3.956899404525757,1.941105604171753
82,0.0077216520028955795,-1,0.0,0.06745809667250689,0.0,10.0,0.0,0.0,1.0,-1,1.0,0.9625306970932904,0.0,0.0,0.0616300947525922,0.8161764705882353,1.0,1.0,0.7794117647058824,3.8972978591918945,1.9464292526245117
83,0.007179131840958315,-1,0.0,0.06778259838328642,0.0,10.0,0.0,0.0,1.0,-1,1.0,0.9499583524816176,0.0,0.0,0.06274091496187098,0.8186274696798885,1.0,1.0,0.7794117647058824,3.8944060802459717,1.8968582153320312
84,0.007524593788034776,-1,0.0,0.0627669797224157,0.0,10.0,0.0,0.0,1.0,-1,1.0,0.9202581667432598,0.0,0.0,0.047017658458036536,0.823529467863195,1.0,1.0,0.8235294117647058,4.332851409912109,2.1578445434570312
85,0.007155865869101356,-1,0.001028712619753445,0.0561329582158257,0.035628118935753315,9.422457526711856,0.006476301042472615,0.029411762952804565,0.9987745846019072,-1,0.9963235294117647,0.9415119395536535,0.0,0.0,0.04832477429333855,0.8235294117647058,1.0,1.0,0.8382352941176471,4.693486213684082,2.012624502182007
86,0.005536096937516157,-1,0.0,0.0644777031505809,0.0,10.0,0.0,0.0,1.0,-1,1.0,0.9815516752355239,0.0,0.0,0.057128317215863395,0.8235294117647058,1.0,1.0,0.7941176470588235,4.353024959564209,2.1609578132629395
87,0.0058618928579723135,-1,0.0,0.04860241623485789,0.0,10.0,0.0,0.0,1.0,-1,1.0,0.9623811011220894,0.0,0.0031323783537920784,0.06870346209582161,0.8235294117647058,1.0,0.9852941176470589,0.7647058823529411,4.363702774047852,2.199594020843506
88,0.005735468338517582,-1,0.0,0.05022527891046861,0.0,10.0,0.0,0.0,1.0,-1,1.0,0.9940578984279259,0.0,0.0,0.047158549813663256,0.8210784687715418,1.0,1.0,0.8529411764705882,4.6242406368255615,1.9018876552581787
89,0.005600902964087094,-1,0.0,0.04761376451043522,0.0,10.0,0.0,0.0,1.0,-1,1.0,0.9857935437969133,0.0,0.0,0.06477891697603114,0.8210784687715418,1.0,1.0,0.7647058823529411,3.8724231719970703,2.0033316612243652
90,0.005416529581827276,-1,0.0,0.053493043955634624,0.0,10.0,0.0,0.0,1.0,-1,1.0,0.9983220567890242,0.0052105977254755355,0.002507824231596554,0.07089795785791733,0.8210784687715418,0.9705882352941176,0.9852941176470589,0.7352941176470589,3.940323829650879,1.8831062316894531
91,0.005721603246296153,-1,0.0,0.04240390132455265,0.0,10.0,0.0,0.0,1.0,-1,1.0,1.0197655172909008,0.0,0.0,0.047552680268007165,0.8186274696798885,1.0,1.0,0.8382352941176471,3.827341318130493,2.1030514240264893
92,0.005865311359657961,-1,0.0,0.05624794960021973,0.0,10.0,0.0,0.0,1.0,-1,1.0,1.0078955257640165,0.0,0.0,0.07559009159312528,0.8259804108563591,1.0,1.0,0.7352941176470589,4.317581653594971,2.093165159225464
93,0.0045608908814542435,-1,0.0006618650958818547,0.0390697016435511,0.44200790629667397,9.412375057444853,0.0045851937988225155,0.02941176119972678,1.0,-1,0.9963235294117647,1.0036018969965916,0.00363769951988669,0.0,0.0666802350212546,0.8308823529411765,0.9852941176470589,1.0,0.7647058823529411,4.773897171020508,1.883298397064209
94,0.005458535955232733,-1,0.0,0.04906905398649328,0.0,10.0,0.0,0.0,1.0,-1,1.0,0.9796918981215533,0.0,0.003697059610310723,0.04739597615073709,0.8308824090396657,1.0,0.9852941176470589,0.8235294117647058,3.8855319023132324,1.887444019317627
95,0.008487011579906239,-1,0.0,0.10149880016551298,0.0,10.0,0.0,0.0,0.9975489448098576,-1,1.0,1.00088934804879,0.0,0.0,0.0472367616260753,0.8235294117647058,1.0,1.0,0.8235294117647058,4.130967617034912,1.9668560028076172
96,0.007660239934921265,-1,0.0,0.1119475014069501,0.0,10.0,0.0,0.0,0.9975490570068359,-1,1.0,1.1285335316377527,0.00933915376663208,0.014292517129112692,0.08319314788369571,0.8014706443337833,0.9705882352941176,0.9558823529411765,0.7058823529411765,3.902472972869873,1.8928513526916504
97,0.006030575755764456,-1,0.0,0.07097681830911075,0.0,10.0,0.0,0.0,1.0,-1,1.0,1.008757422952091,0.0,0.0,0.04060248066397274,0.833333408131319,1.0,1.0,0.8529411764705882,3.8788254261016846,2.1051836013793945
98,0.004866437438656302,-1,0.0,0.05058081360424266,0.0,10.0,0.0,0.0,1.0,-1,1.0,1.0110938876282936,0.0,0.0,0.04818715418086333,0.8284314099480125,1.0,1.0,0.8382352941176471,4.249046802520752,1.9639253616333008
99,0.004675252910922556,-1,0.0,0.04146386244717766,0.0,10.0,0.0,0.0,1.0,-1,1.0,1.0144652572332644,0.0,0.0032235217445036944,0.04512558965121999,0.8284314099480125,1.0,0.9852941176470589,0.8529411764705882,3.860373020172119,1.8977479934692383
100,0.005465193268130808,-1,0.0009895425070734585,0.06450984057258158,0.08298563957214355,9.41508394129136,0.004682703053250033,0.02941176119972678,0.9993871801039752,-1,0.9963235294117647,1.045061747233073,0.003960094031165628,0.003960489350206712,0.06009771543390611,0.8186275257783777,0.9852941176470589,0.9852941176470589,0.8088235294117647,3.875612258911133,1.889972448348999
