#['../main.py', '--dataset=mnist', '--epochs=100', '--batch-size=512', '--lr=1e-3', '--save-onnx', '--save-imgs', '--epsilon=0.1', '--delta=0.7', '--oracle-steps=20', '--oracle-restarts=2', '--constraint=StrongClassificationRobustness', '--alpha=0.5', '--seed=2', '--logic=QLL_5']
Epoch,Train-P-Loss,Train-R-Loss,Train-C-Loss,Train-P-Grad,Train-C-Grad,Train-C-Weight,Train-Weighted-C-Grad,Train-Grad-Ratio,Train-P-Metric,Train-C-Acc,Train-C-Sec,Test-P-Loss,Test-R-Loss,Test-C-Loss-self,Test-C-Loss-common,Test-P-Metric,Test-C-Acc,Test-C-Sec-self,Test-C-Sec-common,Train-Time,Test-Time
0,0.0,-1,,-1,-1,-1,-1,-1,0.0,-1,0.0,2.3107134765625,0.89172060546875,0.98807265625,0.9880462890625,0.1138,0.0,0.0,0.0,0.0,2.8488829135894775
1,1.2781364311606198,-1,-2.2405744649596135,0.6322816105212196,0.38369514982579117,2.6121474443855934,0.26818542157189323,0.4639219833632647,0.625584812487586,-1,0.5730270127118644,0.431813623046875,-12.0891,-8.76663046875,-8.766671875,0.8741,1.0,0.9986,0.9986,9.581751346588135,2.350069761276245
2,0.42259119324764965,-1,-10.297568111096398,1.4258962081650557,0.01501217231912128,9.699879791777013,0.12336790763725669,0.09745449939016569,0.872947563559322,-1,0.9995034427966102,0.3463824951171875,-16.377071875,-11.921128125,-11.9208390625,0.8999,1.0,0.9998,0.9998,9.497482538223267,2.532151460647583
3,0.3666047241728185,-1,-12.145533674854343,1.463902230990135,0.00763177467604815,9.849408683130296,0.0605961104570809,0.04298237622794458,0.8926167245638572,-1,0.999801377118644,0.313962353515625,-18.182259375,-13.01792578125,-13.0181265625,0.9087,1.0,1.0,1.0,9.535686016082764,2.3168575763702393
4,0.34133671906034824,-1,-12.747275142346398,1.5254790742518538,0.0063188732680627855,9.93732206700212,0.055820760080369854,0.03383595256482141,0.8995740858174986,-1,0.9998344809322034,0.29007265625,-19.4436109375,-13.6423078125,-13.6421125,0.9144,1.0,1.0,1.0,9.704418897628784,2.3873069286346436
5,0.3237205763994637,-1,-13.359393620895126,1.4576933262711864,0.00671500624236414,9.84799763307733,0.05350901716846531,0.04160704046992932,0.905907905707925,-1,0.9998344809322034,0.276967138671875,-20.422271875,-14.056159375,-14.056225,0.9206,1.0,1.0,1.0,9.581793785095215,2.2864017486572266
6,0.31029345625537935,-1,-13.93599377648305,1.4674540374238612,0.00421803709814104,9.953183966167902,0.03658743227942515,0.021465966256998353,0.9103272648180946,-1,0.999900688559322,0.26523720703125,-21.3947,-14.415496875,-14.415796875,0.9245,1.0,1.0,1.0,9.817805290222168,2.498452663421631
7,0.29331931421312235,-1,-14.178367485434322,1.4956076670501193,0.003288594090332419,9.938296560513772,0.027342384144411248,0.019370879157114836,0.9145148972333488,-1,0.9999172404661016,0.2606285888671875,-22.7588,-14.9717625,-14.9729953125,0.925,1.0,1.0,1.0,9.652070045471191,2.3795101642608643
8,0.28596748739986094,-1,-14.439208984375,1.552674245026152,0.006146463297181211,9.7992139913268,0.04101568965588586,0.03251818883216987,0.9174556408898306,-1,0.9998675847457628,0.23724140625,-23.311453125,-15.0758875,-15.0751671875,0.9312,1.0,1.0,1.0,9.724202394485474,2.2996459007263184
9,0.2734327477923894,-1,-14.84222412109375,1.532781310000662,0.0027293461864277466,9.928717144465041,0.01886366989652989,0.012711863396531445,0.9214777542372882,-1,0.9999337923728814,0.2353326171875,-24.2701359375,-15.323025,-15.32335625,0.9313,1.0,1.0,1.0,9.60247015953064,2.4256889820098877
10,0.2681197635198044,-1,-14.910064180018539,1.6647404816191076,0.0035648209563756395,9.916508044226696,0.024929046630859375,0.01571220361580283,0.9214612023305084,-1,0.9999337923728814,0.2227166259765625,-24.88915,-15.349828125,-15.34975,0.9347,1.0,1.0,1.0,9.588760614395142,2.404083490371704
11,0.25688733892925714,-1,-15.247976529396187,1.6471646842309984,0.004263633893708051,9.895069186970339,0.031042288925688145,0.020678590920011876,0.9251136779785156,-1,0.9999172404661016,0.2175309814453125,-26.368321875,-16.0813,-16.0811125,0.937,1.0,1.0,1.0,9.398146390914917,2.1512787342071533
12,0.25108127270714714,-1,-15.437917935646187,1.7831592883093883,0.0024790657778917735,9.961113364009535,0.019130488573494604,0.008474575260938224,0.9267192129361428,-1,0.9999668961864406,0.2140702880859375,-26.543425,-15.8119265625,-15.8105203125,0.9372,1.0,1.0,1.0,9.475855827331543,2.408512830734253
13,0.24644546185509633,-1,-15.48077392578125,1.719686087915453,0.002927388680183281,9.960275423728813,0.02477670524079921,0.011835902424181923,0.928512314618644,-1,0.999950344279661,0.2063836181640625,-27.21354375,-15.984546875,-15.9855,0.938,1.0,1.0,1.0,9.565228700637817,2.43701434135437
14,0.24271793688757945,-1,-15.732968087923728,1.935558642371226,0.0031590224322626146,9.972296246027541,0.027817657438375182,0.011360026012032719,0.9290916313559322,-1,0.999950344279661,0.210915673828125,-27.530075,-16.0598171875,-16.0591359375,0.9373,1.0,1.0,1.0,9.505004405975342,2.3649094104766846
15,0.23758033170538434,-1,-15.625936217227224,1.805858935339976,0.0018749242111787958,9.974795583951272,0.015774461172394835,0.008348157850362487,0.9309012849452132,-1,0.9999668961864406,0.2039535400390625,-27.94319375,-15.9812265625,-15.9805859375,0.9397,1.0,1.0,1.0,9.684088945388794,2.4261209964752197
16,0.23230465387893937,-1,-15.45681193723517,1.8330036745233051,0.001238715345576658,9.972560042041843,0.008376290232448255,0.004237287630469112,0.932424060368942,-1,0.9999834480932204,0.19748265380859376,-27.781615625,-15.48621875,-15.486634375,0.9409,1.0,1.0,1.0,9.436032056808472,2.423565149307251
17,0.2256542626073805,-1,-15.389980510129767,1.7594766131902144,0.0027547046794729716,9.904507911811441,0.016567652508363884,0.012711862386283228,0.9340572033898306,-1,0.999950344279661,0.197014404296875,-28.937878125,-16.113403125,-16.1143796875,0.9429,1.0,1.0,1.0,9.626861095428467,2.416205644607544
18,0.22267663276801675,-1,-15.755123849642478,1.7275433297884666,0.0034358920687336033,9.91985256389036,0.022824562202065676,0.012711862386283228,0.9350117182327529,-1,0.999950344279661,0.19514427490234376,-29.75970625,-16.340525,-16.3409875,0.9426,1.0,1.0,1.0,9.918462038040161,2.398237466812134
19,0.2176726874658617,-1,-15.797964322364937,1.78580578302933,0.002530756138138852,9.93087199582892,0.01499255834999731,0.008474575260938224,0.9364130699028403,-1,0.9999668961864406,0.19319886474609374,-30.228353125,-16.361046875,-16.3641015625,0.9415,1.0,1.0,1.0,9.33819055557251,2.3394479751586914
20,0.21878405748787572,-1,-15.920534295550848,1.9016763719461731,0.0009003426816503881,9.974274198887711,0.006270375797304057,0.004237287883031167,0.9359055211988546,-1,0.9999834480932204,0.19294178466796874,-30.080803125,-16.0509125,-16.0498234375,0.9416,1.0,1.0,1.0,9.599648714065552,2.3441219329833984
21,0.2169997974977655,-1,-15.545727745961335,2.0405171281200345,0.002232228800401849,9.964918233580509,0.017079733185848947,0.007778895103325278,0.9363468622757216,-1,0.9999668961864406,0.1779615234375,-30.33705625,-16.0487421875,-16.04708125,0.9459,1.0,1.0,1.0,10.078030824661255,2.8711040019989014
22,0.20869998608605336,-1,-15.356081170550848,1.683347799010196,0.0012482806282528376,9.965737552966102,0.007436009786896787,0.004237287883031167,0.939397973529363,-1,0.9999834480932204,0.1800442626953125,-30.325365625,-15.755534375,-15.7591453125,0.9473,1.0,1.0,1.0,10.742022514343262,2.7860043048858643
23,0.20683149564064154,-1,-15.412172479144598,1.8063684237205375,0.0034285293797315175,9.92195258706303,0.023478556487519862,0.012711863396531445,0.9398614269191936,-1,0.999950344279661,0.184760498046875,-30.84695,-15.90155,-15.9026640625,0.9454,1.0,1.0,1.0,11.100085973739624,2.926670551300049
24,0.2037130776098219,-1,-15.649113024695446,1.8505561957925052,0.0017716965432894433,9.964998924126059,0.013577556206008135,0.008474575766062333,0.9414338580632614,-1,0.9999668961864406,0.18371268310546876,-31.20916875,-16.0891203125,-16.0891546875,0.9441,1.0,1.0,1.0,10.855273962020874,2.8653833866119385
25,0.20133540589930649,-1,-15.727836996822035,1.8723319102141818,0.0026639977754172634,9.93867932335805,0.01701919507172148,0.008474575260938224,0.9414228019067796,-1,0.9999668961864406,0.17931673583984375,-31.519003125,-16.0183484375,-16.01491875,0.9461,1.0,1.0,1.0,11.42430305480957,2.9369401931762695
26,0.19953383429575774,-1,-15.265413963188559,1.8454285961086467,0.00206803341033095,9.936524471994174,0.011549545546709481,0.008474575260938224,0.9407827732926708,-1,0.9999668961864406,0.171982275390625,-31.43290625,-15.7319734375,-15.7338109375,0.9488,1.0,1.0,1.0,11.228873491287231,2.8466711044311523
27,0.1975685216612735,-1,-15.989717127913135,1.892260664600437,0.004623722727015867,9.91527492717161,0.03358295408345885,0.016949150521876448,0.9417648961988546,-1,0.9999337923728814,0.1750337158203125,-32.3565625,-16.3725375,-16.3723875,0.9481,1.0,1.0,1.0,11.07925820350647,2.9561924934387207
28,0.19640714031154827,-1,-15.690805208885063,1.8832499617237155,0.0010257274922678026,10.0,0.010257274417553917,0.00419952429957309,0.9425207235045352,-1,0.9999834480932204,0.16618026123046875,-32.68155,-16.19035625,-16.19011875,0.9504,1.0,1.0,1.0,10.985697031021118,2.942838430404663
29,0.19448703830525027,-1,-15.422032243114407,1.8246285390045682,0.002533458552118075,9.917991508871822,0.013110169919870667,0.008474575260938224,0.9430559449276682,-1,0.9999668961864406,0.1630423828125,-32.30868125,-15.8841609375,-15.88295625,0.9511,1.0,0.9999,0.9999,10.74624514579773,2.8107306957244873
30,0.19011337474241094,-1,-15.624241715770657,1.8151913659047272,0.002698471990682311,9.921539823887711,0.014475582009654934,0.008474575260938224,0.9438173326395326,-1,0.9999668961864406,0.17038807373046874,-32.302278125,-15.8028609375,-15.8039328125,0.9489,1.0,0.9999,0.9999,11.24850344657898,2.964200735092163
31,0.1890026997711699,-1,-15.614796783964513,1.8912325067035223,0.0029692675097514006,9.965779967227224,0.02526749392687264,0.012711864406779662,0.9449649099576272,-1,0.999950344279661,0.1676758544921875,-32.895221875,-16.05344375,-16.058828125,0.9501,1.0,0.9999,0.9999,10.994386672973633,2.8469862937927246
32,0.18924512701519466,-1,-16.05189436573093,1.9151990211616128,0.0036868352000996216,9.895221257613876,0.022377604145114704,0.012711863396531445,0.9439386917372882,-1,0.999950344279661,0.1608783447265625,-33.069971875,-16.17705,-16.1798953125,0.9521,1.0,1.0,1.0,11.059103965759277,2.8298168182373047
33,0.18554512929108183,-1,-15.663958016088454,1.827812582759534,0.0025777127278053154,9.917770127118644,0.01320768513921964,0.008474575766062333,0.945946968207925,-1,0.9999668961864406,0.16705213623046875,-33.022309375,-16.013096875,-16.018428125,0.95,1.0,0.9999,0.9999,11.009745836257935,2.988903045654297
34,0.18651144383317333,-1,-15.350026276152013,1.801355135642876,0.000984697965747219,9.968054819915254,0.00613511669433723,0.004237287883031167,0.9451469809322034,-1,0.9999834480932204,0.17110770263671876,-32.76939375,-15.7997640625,-15.79819375,0.949,1.0,0.9999,0.9999,11.152756214141846,2.9422895908355713
35,0.18344808028916182,-1,-15.386111501920022,1.9195300603317003,0.0036885915166240627,9.942637298066737,0.027991616119772703,0.011626209242869232,0.9461290391825014,-1,0.999950344279661,0.16499228515625,-33.260965625,-16.0133265625,-16.01160625,0.9513,1.0,0.9999,0.9999,12.541482925415039,3.6581571102142334
36,0.1813516131902145,-1,-15.488071247682733,1.71659191584183,0.0021119553406359786,9.946293200476696,0.013904175515902244,0.008474575766062333,0.9464656377242784,-1,0.9999668961864406,0.1556724609375,-33.26170625,-15.836846875,-15.8363171875,0.9536,1.0,0.9999,0.9999,12.892539501190186,4.105549335479736
37,0.1799246254613844,-1,-15.386592541710804,1.716800107794293,0.0019116025354902623,9.94089314088983,0.012751301466408422,0.008474575766062333,0.947320776470637,-1,0.9999668961864406,0.15810606689453124,-33.732259375,-16.1629734375,-16.1618421875,0.9518,1.0,0.9999,0.9999,13.941237449645996,4.067901372909546
38,0.18125254420910852,-1,-15.317744885460804,1.698506888696703,0.0011244157360771954,9.976101115598517,0.008073130906638453,0.004237287630469112,0.9465483972581766,-1,0.9999834480932204,0.1573075439453125,-32.7298375,-15.4010828125,-15.4048859375,0.9525,1.0,0.9999,0.9999,14.806529760360718,4.065408945083618
39,0.1806924787618346,-1,-14.87803520590572,1.6822079157425185,0.0,10.0,0.0,0.0,0.9470284025547868,-1,1.0,0.1542179443359375,-32.55083125,-14.99245,-14.9897609375,0.9545,1.0,0.9999,0.9999,14.685078382492065,3.4981696605682373
40,0.17623233795166016,-1,-15.15838105799788,1.7295970593468617,0.005430192260418908,9.841102729409428,0.03376727387056512,0.0211864406779661,0.9476849184197894,-1,0.9999172404661016,0.15508399658203126,-33.384328125,-15.5671640625,-15.565878125,0.9543,1.0,0.9999,0.9999,14.15001893043518,3.797363519668579
41,0.17779083575232554,-1,-15.195024910619704,1.79347888493942,0.002269069016990015,9.94996772378178,0.015623894788451114,0.008474575766062333,0.9477401345463122,-1,0.9999668961864406,0.15635257568359376,-33.469328125,-15.4482265625,-15.447634375,0.9526,1.0,0.9999,0.9999,14.401695251464844,4.1336143016815186
42,0.17703541254593155,-1,-15.222191762115996,1.8905413352836997,0.004540904093596895,9.903855145987817,0.03249395297745527,0.016949150521876448,0.9469125392073292,-1,0.9999337923728814,0.1554279541015625,-33.69255,-15.9605453125,-15.9625015625,0.9523,1.0,0.9999,0.9999,14.810524225234985,4.14857816696167
43,0.17608354859432931,-1,-15.37203410520392,1.799448433568922,0.0009512288843171071,9.961890269134004,0.005234660738605564,0.004237287630469112,0.9479718612412275,-1,0.9999834480932204,0.157977734375,-33.27458125,-15.6132265625,-15.6142703125,0.9522,1.0,0.9999,0.9999,14.50856328010559,4.329740524291992
44,0.172357817827645,-1,-15.007030422404661,1.6263619115797139,0.0025215573230032194,9.945171808792374,0.01703866861634335,0.008474575260938224,0.9485180741649563,-1,0.9999668961864406,0.153176953125,-33.05760625,-15.4664578125,-15.46665,0.9536,1.0,0.9999,0.9999,13.39127802848816,4.079819202423096
45,0.17220270835747153,-1,-15.244322695974576,1.747001518637447,0.003032760094788115,9.925133656647246,0.021319777278576868,0.012711864406779662,0.9486283771062302,-1,0.999950344279661,0.15901802978515625,-33.451790625,-15.71464375,-15.7090703125,0.9514,1.0,0.9999,0.9999,14.148081064224243,3.9696872234344482
46,0.17243947821148373,-1,-15.232347391419491,1.6463325629800052,0.001992610298981101,9.927943342823093,0.011589506925162623,0.008474575766062333,0.9492794618768207,-1,0.9999668961864406,0.1519543212890625,-33.1337,-15.426184375,-15.4280390625,0.9543,1.0,0.9999,0.9999,13.821194410324097,4.065791130065918
47,0.1708535663152145,-1,-14.93653998940678,1.6486860372252383,0.003380395093206632,9.931666487354343,0.024446382360943292,0.012025717961586128,0.9500132415254238,-1,0.999950344279661,0.15805115966796876,-33.7066625,-15.8640734375,-15.8623578125,0.9515,1.0,0.9999,0.9999,14.02690601348877,4.094273328781128
48,0.1685201677225404,-1,-15.399099576271187,1.6528081085722326,0.003577253576052391,9.865993693723517,0.016874972036329365,0.012711863396531445,0.9494835805084746,-1,0.999950344279661,0.1521273681640625,-33.864128125,-15.8994890625,-15.89785625,0.9546,1.0,1.0,1.0,14.15280795097351,4.088108777999878
49,0.16782346822447697,-1,-15.647188865532309,1.705681235103284,0.0020677091206534434,9.959151963056144,0.015666777804746467,0.008474575260938224,0.9504049915378376,-1,0.9999668961864406,0.15058543701171875,-33.78211875,-15.96929375,-15.971459375,0.9543,1.0,0.9999,0.9999,14.449909210205078,3.856045961380005
50,0.16497839911509368,-1,-15.507090423066737,1.549359725693525,0.0032230501962920368,9.925219519663665,0.021871498075582214,0.012006999072382006,0.9514422012587725,-1,0.999950344279661,0.1485879638671875,-34.008596875,-15.8506390625,-15.8500125,0.956,1.0,1.0,1.0,14.81715989112854,3.7890822887420654
51,0.16293858673612951,-1,-15.517993991657839,1.6107263080144332,0.0008784511710627605,10.0,0.008784511331784524,0.004057540984477027,0.9525180751994505,-1,0.9999834480932204,0.1488379150390625,-34.067809375,-15.979109375,-15.9799875,0.9541,1.0,0.9999,0.9999,14.26635217666626,3.8206799030303955
52,0.16452213869256488,-1,-15.515858795683263,1.6202144299523304,0.0022909100783073295,9.926891262248411,0.013002636068958347,0.008474574755814116,0.9506311578265692,-1,0.9999668961864406,0.14585506591796876,-33.904971875,-15.7173640625,-15.7157859375,0.957,1.0,1.0,1.0,14.607299566268921,4.0090343952178955
53,0.16295155024124405,-1,-15.332793672206039,1.5303320157325875,0.0012476980938749798,9.97119140625,0.00823557174811929,0.004237287630469112,0.9524629237288136,-1,0.9999834480932204,0.1432962890625,-33.23329375,-15.2263890625,-15.22504375,0.9578,1.0,0.9999,0.9999,14.16455364227295,4.087549448013306
54,0.16462878857628774,-1,-14.978055275092691,1.6710556806144068,0.002322709913981163,9.921734308792374,0.012111260729320979,0.008474575260938224,0.9510615074028403,-1,0.9999668961864406,0.1451149169921875,-33.334515625,-15.365753125,-15.3629328125,0.9566,1.0,1.0,1.0,14.234594821929932,4.123621940612793
55,0.16364238221766586,-1,-14.836139226363876,1.674042653229277,0.0010114778148925911,9.985194319385593,0.008347721928257053,0.00423728813559322,0.9513759936316538,-1,0.9999834480932204,0.1469138671875,-32.865840625,-15.0158875,-15.017125,0.9539,1.0,0.9998,0.9998,14.089808464050293,4.148464918136597
56,0.15961210606461865,-1,-14.55684338585805,1.4385864775059587,0.0028480968232882224,9.934607554290254,0.021051130052340234,0.012711862386283228,0.9520711737163996,-1,0.999950344279661,0.14814287109375,-33.22433125,-15.2874671875,-15.2861640625,0.9555,1.0,0.9999,0.9999,14.036418676376343,3.9425857067108154
57,0.15380133612681243,-1,-14.569113521252648,1.313806824764963,0.0011109380146204415,9.969371730998411,0.007094328686342401,0.004237287883031167,0.954493312512414,-1,0.9999834480932204,0.13711248779296875,-33.193721875,-15.0363703125,-15.0312953125,0.9596,1.0,0.9998,0.9998,14.909024000167847,3.78204083442688
58,0.156226546077405,-1,-14.799086748543433,1.5540340876175185,0.0032984301195306295,9.885541495630296,0.01798296984979662,0.012711862386283228,0.9535222457627118,-1,0.999950344279661,0.14757047119140626,-33.28608125,-15.0632671875,-15.0637265625,0.9561,1.0,0.9998,0.9998,14.470377683639526,3.7536892890930176
59,0.15601397368867517,-1,-14.876356221861759,1.521033464852026,0.0033185330487914004,9.923807435116526,0.023148579112554,0.012711862386283228,0.9531635995638572,-1,0.999950344279661,0.13983287353515625,-33.37323125,-15.4706546875,-15.4678265625,0.9584,1.0,0.9999,0.9999,14.336152791976929,3.963923931121826
60,0.15414580652269266,-1,-15.011883234573624,1.4709252826238082,0.0023620449385400545,9.911608679819915,0.011183649806653038,0.008474575260938224,0.9544105529785156,-1,0.9999668961864406,0.1369092529296875,-32.934103125,-15.07323125,-15.0726125,0.9581,1.0,0.9998,0.9998,14.817105770111084,4.210703611373901
61,0.14999460769911943,-1,-14.751913814221398,1.377541234937765,0.0031196444721545203,9.87733588784428,0.01603356458372989,0.012711863396531445,0.9560215836864406,-1,0.9999337923728814,0.1366666259765625,-33.541071875,-15.556571875,-15.55834375,0.9581,1.0,1.0,1.0,14.242226362228394,4.0041725635528564
62,0.14914722765906382,-1,-15.124541719081039,1.3850353693557997,0.0011228474520020566,9.96893827793962,0.007112994537515156,0.004237287630469112,0.9550174131231793,-1,0.9999834480932204,0.131991650390625,-33.237075,-15.403734375,-15.4065,0.9613,1.0,1.0,1.0,14.675995826721191,4.185412883758545
63,0.14650257563186905,-1,-14.841653080309852,1.4302215576171875,0.0009479043468580407,9.978265277409959,0.007047920914019568,0.004237287883031167,0.9561153993768207,-1,0.9999834480932204,0.13207281494140624,-33.035728125,-15.0054546875,-15.0034234375,0.9611,1.0,0.9999,0.9999,14.017868041992188,4.100264549255371
64,0.146141617985095,-1,-14.728514590505826,1.4019227108712924,0.0022419716342020842,9.93578584315413,0.013889644105555647,0.008474575260938224,0.956297470351397,-1,0.9999668961864406,0.12973446044921874,-33.158784375,-15.1583265625,-15.15760625,0.9612,1.0,0.9998,0.9998,15.342609405517578,4.019223928451538
65,0.14455539897336797,-1,-14.961651300979874,1.3966248075840837,0.0031526535749435425,9.901685811705509,0.0194144168142545,0.012711863396531445,0.9562643665378376,-1,0.999950344279661,0.12602001953125,-33.24210625,-15.355621875,-15.357803125,0.962,1.0,0.9999,0.9999,15.337262868881226,4.92338490486145
66,0.14242388838428563,-1,-15.139938095868644,1.3111930459232655,0.0033850924948514516,9.865445411811441,0.01600410978672868,0.012711863396531445,0.9579747086864406,-1,0.999950344279661,0.122983935546875,-33.31271875,-15.4138125,-15.4180265625,0.9628,1.0,0.9999,0.9999,17.894140005111694,5.241435527801514
67,0.14067276453567765,-1,-14.96398098185911,1.295512700484971,0.0011419338189949423,9.966102729409428,0.006851720102762772,0.004237287883031167,0.9576767743644068,-1,0.9999834480932204,0.1205123779296875,-33.5811,-15.4817078125,-15.4819953125,0.9635,1.0,0.9999,0.9999,18.49278712272644,5.2385358810424805
68,0.14020514084120927,-1,-14.91093315512447,1.3850536023156117,0.0019519215418120563,9.946204233977754,0.013327635950961356,0.008474575766062333,0.958206435381356,-1,0.9999668961864406,0.11967730712890624,-33.405009375,-15.420725,-15.424190625,0.9645,1.0,0.9999,0.9999,17.983514547348022,4.872751474380493
69,0.1351983830080194,-1,-15.44134004237288,1.2972269866426112,0.0032425636457184613,9.887447033898304,0.018134030245118223,0.012711862386283228,0.9596740593344478,-1,0.999950344279661,0.12314459228515626,-34.05828125,-15.77224375,-15.772234375,0.9632,1.0,1.0,1.0,17.403409957885742,5.521962881088257
70,0.13351932622618595,-1,-15.125074483580509,1.2542261673232256,0.002170555672403109,9.918400134070446,0.011087057954173977,0.008474575260938224,0.9598726822158038,-1,0.9999668961864406,0.11821651611328125,-33.597584375,-15.474246875,-15.472553125,0.9662,1.0,1.0,1.0,17.338967084884644,4.694270849227905
71,0.13243471565893142,-1,-15.061511023569915,1.2475832922983978,0.0024363317732083597,9.925975734904661,0.013504531423924333,0.008474575260938224,0.9607002775547868,-1,0.999950344279661,0.12419171142578125,-34.274653125,-15.911765625,-15.90535625,0.9623,1.0,1.0,1.0,17.621416330337524,4.851362228393555
72,0.13301438800359178,-1,-15.511866682666843,1.4119623475155587,0.004593197572029243,9.852826651880296,0.024933503845990714,0.016949150521876448,0.9599388898429224,-1,0.9999337923728814,0.11612469482421875,-34.841934375,-16.485628125,-16.4851390625,0.9654,1.0,1.0,1.0,16.950713634490967,5.044370412826538
73,0.1316461159011065,-1,-15.681230965307204,1.3455822184934454,0.0011590493179984012,9.941765219478285,0.003625853587005098,0.004237287630469112,0.9605513103937698,-1,0.9999834480932204,0.11488502197265625,-33.853553125,-15.7254953125,-15.720809375,0.9646,1.0,0.9999,0.9999,17.203560829162598,4.981377601623535
74,0.1287034002401061,-1,-15.272227141816737,1.3049533650026484,0.0011185194223614062,9.958511611162606,0.005709314245288655,0.004237287883031167,0.9613402415130098,-1,0.9999834480932204,0.11055052490234375,-33.803996875,-15.4814828125,-15.4759078125,0.9665,1.0,0.9999,0.9999,16.58648705482483,4.502623558044434
75,0.12479470948041496,-1,-15.029074458752648,1.13683254435911,0.0030884798300468315,9.876571396649894,0.015889967902232023,0.012711863396531445,0.9622285487288136,-1,0.999950344279661,0.116722802734375,-33.8725125,-15.6124859375,-15.61039375,0.9642,1.0,0.9999,0.9999,17.279189586639404,4.8574604988098145
76,0.12721879603499073,-1,-15.244098210738876,1.2820914316985568,0.003238218820701211,9.857008077330509,0.013700220544459456,0.012711862386283228,0.961671279648603,-1,0.999950344279661,0.10909345703125,-34.181359375,-15.8039328125,-15.801203125,0.9671,1.0,1.0,1.0,16.62003803253174,4.65097451210022
77,0.1272244776709605,-1,-15.389108431541313,1.3071023973367981,0.00459372593184649,9.8067430399232,0.01983489020396087,0.016949150521876448,0.9619968220338984,-1,0.9999337923728814,0.1052014404296875,-34.50659375,-16.2379046875,-16.238671875,0.9685,1.0,1.0,1.0,16.32027554512024,4.688605546951294
78,0.1232897871631687,-1,-15.412438344147246,1.1643495721332098,0.0011543279229584388,9.962791313559322,0.006475090475405677,0.004237287377907058,0.9622782044491526,-1,0.9999834480932204,0.1101920654296875,-34.34100625,-15.8740703125,-15.876503125,0.9665,1.0,0.9999,0.9999,16.609076976776123,4.969820022583008
79,0.12320836923890195,-1,-15.108307402012711,1.1931988990913003,0.0020739034575931094,9.926776433395126,0.011818200854931847,0.008474575260938224,0.9631278474452132,-1,0.9999668961864406,0.110429541015625,-34.023890625,-15.722584375,-15.720934375,0.9661,1.0,0.9999,0.9999,17.091426610946655,5.1471781730651855
80,0.1208015296418788,-1,-14.943190752449683,1.1618344581733315,0.0008649276727336948,9.946133888373941,0.0031516746444217227,0.004237287883031167,0.9626699544615664,-1,0.9999834480932204,0.1078284912109375,-33.7061875,-15.38276875,-15.3794078125,0.9682,1.0,0.9999,0.9999,17.3454647064209,4.838963747024536
81,0.11865320044048762,-1,-15.150952355336335,1.1573492793713587,0.00300614460039947,9.872790320444915,0.014989923622648595,0.012711863396531445,0.963767876059322,-1,0.999950344279661,0.1025099365234375,-34.473284375,-15.974546875,-15.9741390625,0.969,1.0,1.0,1.0,17.465778589248657,4.7839515209198
82,0.11660082057370978,-1,-15.128867973715572,1.1178347054174391,0.0020046769562414137,9.885527012711865,0.006435805963257612,0.008474575766062333,0.9645623675847458,-1,0.9999668961864406,0.1035013916015625,-34.0636375,-15.5784171875,-15.5784046875,0.9688,1.0,0.9999,0.9999,17.225136280059814,4.9228503704071045
83,0.11942800424866758,-1,-15.296679480601165,1.2641180006124206,0.0038787624088384336,9.84179170252913,0.020553338325629802,0.016949151532124666,0.9629182330632614,-1,0.9999337923728814,0.10162871704101563,-34.36323125,-16.058628125,-16.0557390625,0.969,1.0,1.0,1.0,16.928400993347168,5.062771558761597
84,0.11414363828756041,-1,-15.37738554356462,1.0654913692151087,0.0012817433324910827,9.950669110831567,0.005356367361747613,0.004237287630469112,0.965092028601695,-1,0.9999834480932204,0.099471826171875,-34.2218,-15.7505203125,-15.74798125,0.969,1.0,0.9999,0.9999,17.298336029052734,5.045194149017334
85,0.1142830687054133,-1,-15.12821520789195,1.1029555757166976,0.00320468363115343,9.841797909494174,0.0119691481024532,0.012711863396531445,0.9639499470338984,-1,0.999950344279661,0.1022938720703125,-34.427290625,-15.67431875,-15.668953125,0.9683,1.0,0.9999,0.9999,17.235557317733765,4.863450527191162
86,0.11531673043461169,-1,-15.161125571040785,1.0901970297603283,0.0011465894216198032,9.972594180349576,0.00775803095203335,0.004237287630469112,0.9646396313683462,-1,0.9999834480932204,0.10410985107421875,-33.967634375,-15.5139390625,-15.5158171875,0.9685,1.0,0.9999,0.9999,17.348342895507812,5.102264165878296
87,0.11569506435071007,-1,-15.092863438493115,1.1349553253691076,0.005158118272231797,9.773846125198624,0.024118558835175077,0.0211864406779661,0.9641320180084746,-1,0.9999172404661016,0.09724290161132812,-34.7994125,-16.1178765625,-16.120221875,0.97,1.0,1.0,1.0,17.38353157043457,4.768599033355713
88,0.11135953967854129,-1,-15.574053230932204,1.1286182726843883,0.002205048324698109,9.893691240730933,0.008157942254664534,0.008474575260938224,0.9654451143943658,-1,0.9999668961864406,0.09569100341796875,-34.57733125,-15.9799234375,-15.9789703125,0.9708,1.0,1.0,1.0,17.3980815410614,4.993450880050659
89,0.1103665465015476,-1,-15.45400432004767,1.07491386542886,0.0020327520067408935,9.93035061076536,0.01195744336661646,0.008474575766062333,0.9663499735169492,-1,0.9999668961864406,0.09640051879882812,-34.625184375,-15.8526578125,-15.8513375,0.9707,1.0,1.0,1.0,17.18325901031494,5.091703176498413
90,0.11090968018871243,-1,-15.655107918432204,1.11207787465241,0.0008388940813177723,9.984363620564089,0.006841108455496319,0.00423728813559322,0.9663334216101694,-1,0.9999834480932204,0.0945940185546875,-34.728834375,-15.8926015625,-15.8975765625,0.9701,1.0,1.0,1.0,17.426878452301025,4.993886470794678
91,0.1090790942563849,-1,-15.1572069071107,1.085716635493909,0.0031087454092704643,9.922137761520126,0.020767664505263506,0.012711863396531445,0.9662396059197894,-1,0.999950344279661,0.10141946411132813,-34.80645625,-15.9974828125,-15.9972546875,0.9685,1.0,0.9999,0.9999,17.211787462234497,5.017189979553223
92,0.10747408462783038,-1,-15.796902931342691,1.1134144411248676,0.003110910876322601,9.878900043034959,0.016174597255254195,0.012711863396531445,0.9666865074028403,-1,0.999950344279661,0.09365020751953125,-35.7616375,-16.78625625,-16.78871875,0.9711,1.0,1.0,1.0,17.019956827163696,5.021623611450195
93,0.10744003522194039,-1,-16.091204109838454,1.1040511050466764,0.0019512237128564867,9.914939751059322,0.00963992789640265,0.008474575766062333,0.9660961991649563,-1,0.9999668961864406,0.0938816162109375,-35.49245,-16.5517484375,-16.5546015625,0.9718,1.0,1.0,1.0,17.049739837646484,5.000714540481567
94,0.10579887487120547,-1,-15.751402774099576,1.071615251444154,0.0,10.0,0.0,0.0,0.9670286016949152,-1,1.0,0.099211669921875,-34.75481875,-15.9248859375,-15.9235,0.9699,1.0,0.9999,0.9999,17.05648112297058,4.989347696304321
95,0.10574158975633524,-1,-15.416105625993115,1.124989008499404,0.003006927795329336,9.886637024960276,0.015304739192380743,0.0113226448075246,0.9669568983174986,-1,0.999950344279661,0.09745103759765625,-34.942796875,-16.0223375,-16.01675,0.9713,1.0,0.9999,0.9999,17.42363476753235,4.791252136230469
96,0.10605293209269895,-1,-15.70662883176642,1.0754455307782707,0.0033551575773853367,9.856043928760593,0.01465079137834452,0.012711863396531445,0.9669347860045352,-1,0.999950344279661,0.09470703125,-35.260959375,-16.3507015625,-16.3509625,0.9704,1.0,1.0,1.0,17.522619247436523,4.800292730331421
97,0.10428674342268604,-1,-15.539612850900424,1.0052275576833951,0.0008575269100019487,9.94677734375,0.0031898216170779727,0.004237287883031167,0.9676024226819054,-1,0.9999834480932204,0.09331802978515626,-35.158696875,-16.1865390625,-16.1877953125,0.9715,1.0,0.9999,0.9999,16.93998122215271,4.921482563018799
98,0.10372514239812301,-1,-15.393692275225106,0.9645641779495497,0.0021694398532479497,9.904726190082098,0.00949361465745053,0.008474575766062333,0.9676410222457628,-1,0.9999668961864406,0.09004175415039062,-34.89028125,-15.9233046875,-15.9228578125,0.9723,1.0,1.0,1.0,17.545217037200928,4.94854474067688
99,0.1040551945314569,-1,-15.511312193789724,0.9644129478325278,0.0019044777599431701,9.905738959878178,0.008469758397441799,0.008474575260938224,0.9689375667248742,-1,0.9999668961864406,0.08992623901367187,-35.622140625,-16.48579375,-16.4859453125,0.9739,1.0,1.0,1.0,17.17035698890686,4.8105857372283936
100,0.10356565249168266,-1,-15.519126762778072,1.0378954612602622,0.0031735407093823964,9.843634136652541,0.01211020299943827,0.012711863396531445,0.9678561970338984,-1,0.999950344279661,0.091133544921875,-35.292475,-16.2481234375,-16.24674375,0.9723,1.0,1.0,1.0,17.16826629638672,4.996691703796387
