#['../main.py', '--dataset=dice', '--epochs=100', '--batch-size=16', '--lr=1e-3', '--save-onnx', '--save-imgs', '--epsilon=0.0156862745', '--oracle-steps=30', '--oracle-restarts=3', '--constraint=ExactlyOnePerPair', '--alpha=0.5', '--seed=1', '--logic=QLL_5']
Epoch,Train-P-Loss,Train-R-Loss,Train-C-Loss,Train-P-Grad,Train-C-Grad,Train-C-Weight,Train-Weighted-C-Grad,Train-Grad-Ratio,Train-P-Metric,Train-C-Acc,Train-C-Sec,Test-P-Loss,Test-R-Loss,Test-C-Loss-self,Test-C-Loss-common,Test-P-Metric,Test-C-Acc,Test-C-Sec-self,Test-C-Sec-common,Train-Time,Test-Time
0,0.0,-1,,-1,-1,-1,-1,-1,0.0,-1,0.0,0.6973996629901961,0.3283228032729205,0.34948158264160156,0.34947891796336455,0.4901961158303654,0.0,0.0,0.0,0.0,2.775860071182251
1,0.6950493980856502,-1,0.31797145394717946,0.059711512397317326,0.2881072549258961,0.10295246629153981,0.029855756198658663,0.4999998878030216,0.5036764705882353,-1,0.0,0.6962073830997243,0.292567673851462,0.30434176501105814,0.3043539944817038,0.4754902334774242,0.0,0.0,0.0,4.5447447299957275,2.5959579944610596
2,0.6931271272547105,-1,0.29860252492568073,0.06435862709494199,0.24886695076437557,0.13037740483003504,0.03217931004131541,0.4999999439015108,0.5,-1,0.0,0.6971348781211704,0.2795320679159725,0.29126860113704905,0.2912675352657543,0.4950981140136719,0.0,0.0,0.0,4.324681520462036,2.350146770477295
3,0.6913721421185661,-1,0.2882319899166332,0.06131719140445485,0.2441724608926212,0.12727956210865693,0.030658592196071848,0.4999999439015108,0.5079657049740062,-1,0.0,0.6956900802313113,0.27173836090985465,0.283141949597527,0.2831398739534266,0.5196078805362477,0.0,0.0,0.0,4.584216356277466,2.8760669231414795
4,0.6901987861184513,-1,0.2692248681012322,0.07775374019847196,0.2678326718947467,0.14592629320481243,0.03887686659308041,0.4999999439015108,0.5196078805362477,-1,0.03308823529411765,0.7037951899509803,0.23067160213694854,0.2547350771286908,0.25475117739509134,0.4950980579151827,0.16176470588235295,0.16176470588235295,0.16176470588235295,5.277462720870972,3.6796185970306396
5,0.6917383530560661,-1,0.23387563929838293,0.11098703216103946,0.35853974959429574,0.16168508810155532,0.05549351958667531,0.4999999439015108,0.5208333520328298,-1,0.16911764705882354,0.7139789356904871,0.18107042593114517,0.2115483003504136,0.2115360989290125,0.48774511673871207,0.19117647058823528,0.16176470588235295,0.16176470588235295,6.867804765701294,4.4813172817230225
6,0.6912562426398782,-1,0.20049552356495576,0.13916409716886632,0.41135072708129883,0.17177859474630916,0.06958204858443316,0.5,0.5294117647058824,-1,0.1948529411764706,0.7106905918495328,0.15549161854912252,0.18498043452992158,0.1849845717935001,0.5294118208043715,0.23529411764705882,0.16176470588235295,0.16176470588235295,8.388387441635132,4.6885223388671875
7,0.6938530978034524,-1,0.15650113891152775,0.14423009928535013,0.5145130718455595,0.14043304499457865,0.07211504964267507,0.4999999439015108,0.530024528503418,-1,0.22794117647058823,0.7108538758520987,0.11685734636643354,0.1536252919365378,0.15364506665398092,0.5220588235294118,0.6470588235294118,0.4264705882352941,0.4264705882352941,7.509543180465698,4.35314154624939
8,0.6933935950784123,-1,0.14237739058101878,0.1674358985003303,0.5333564982694738,0.1566645117367015,0.083717942237854,0.4999999439015108,0.5275735294117647,-1,0.3161764705882353,0.7131466585047105,0.09217168303096995,0.13239696446587057,0.1324032895705279,0.5196078805362477,0.6323529411764706,0.5,0.4852941176470588,7.521837949752808,4.496661901473999
9,0.6895846759571749,-1,0.12507430244894588,0.15226930730483113,0.5561989054960363,0.13732145814334645,0.07613465365241556,0.4999999439015108,0.5330882913926068,-1,0.3602941176470588,0.7044867721258425,0.0876849889755249,0.1308879712048699,0.13089972383835735,0.5147058823529411,0.5735294117647058,0.3235294117647059,0.3235294117647059,8.07337236404419,4.792403221130371
10,0.6905183231129366,-1,0.11358033909517176,0.16397678150850184,0.5446980981265798,0.15133978338802562,0.08198839075425092,0.4999999439015108,0.5398284126730526,-1,0.375,0.7119017956303615,0.07310966183157529,0.12058145859662224,0.12045084728914149,0.5196078805362477,0.6470588235294118,0.4852941176470588,0.4852941176470588,8.038125276565552,5.002103090286255
11,0.689545519211713,-1,0.09705460772794836,0.19434705902548396,0.6072842654059915,0.16338557355544148,0.09717352951274198,0.5,0.5575980579151827,-1,0.3786764705882353,0.7119824278588388,0.060952158535228056,0.11301201932570513,0.1130296973621144,0.5196078805362477,0.6470588235294118,0.4264705882352941,0.4264705882352941,8.38370418548584,4.750601291656494
12,0.6865459329941693,-1,0.09086228819454417,0.17291938557344325,0.5786495208740234,0.1570910285500919,0.08645969278672162,0.4999999439015108,0.5625,-1,0.3161764705882353,0.7150274538526348,0.034491875592400044,0.09359284709481631,0.09359307148877312,0.5220588235294118,0.6029411764705882,0.25,0.25,7.514660835266113,4.4237775802612305
13,0.6836706610286937,-1,0.08054965383866254,0.19095674683065975,0.6078894559074851,0.16071166711695054,0.09547837341532987,0.4999999439015108,0.5649509990916532,-1,0.3014705882352941,0.7119314156326593,0.04620173748801736,0.10764905284432803,0.10766777571509867,0.5269608217127183,0.6029411764705882,0.3382352941176471,0.3382352941176471,8.296048164367676,4.945249557495117
14,0.6780254700604607,-1,0.08790716704200296,0.1965952059801887,0.6858005523681641,0.14612350744359634,0.09829760299009435,0.5,0.5876224742216223,-1,0.4485294117647059,0.705800449146944,0.026675685363657334,0.10725316580604105,0.10719973900738884,0.5563725864186007,0.6764705882352942,0.38235294117647056,0.38235294117647056,8.369834423065186,4.757153272628784
15,0.677728484658634,-1,0.06899171717026654,0.18540667085086598,0.6303010828354779,0.1507598652559168,0.09270333542543299,0.4999999439015108,0.5962009990916532,-1,0.47058823529411764,0.7023554035261566,-0.004419036647852729,0.10560107231140137,0.10561842076918658,0.5955882913926068,0.75,0.4411764705882353,0.4264705882352941,8.282070875167847,4.656998872756958
16,0.6679746964398552,-1,0.06900615551892449,0.18180256731369915,0.6713787527645335,0.14246142611784093,0.09090128365684957,0.5,0.5962009990916532,-1,0.4852941176470588,0.7096258425245098,-0.007405746509047116,0.10791612372678869,0.10815067852244657,0.5808824090396657,0.7058823529411765,0.4264705882352941,0.4264705882352941,8.257215976715088,4.966321706771851
17,0.6627885594087488,-1,0.06874734513899859,0.22507482416489544,0.7388104270486271,0.16101471115561092,0.11253741208244772,0.5,0.5998774696798885,-1,0.4852941176470588,0.7007072299134498,-0.03870819596683278,0.09325875254238353,0.09322773709016688,0.5955882913926068,0.7794117647058824,0.47058823529411764,0.47058823529411764,8.351511240005493,4.91436767578125
18,0.652443156522863,-1,0.05061734073302325,0.20080389696009018,0.7552229376400218,0.14669443579281077,0.10040194848004509,0.5,0.6078431746538948,-1,0.5,0.692217134961895,-0.06183371824376723,0.08908565605387968,0.08903986566206988,0.5931373483994428,0.8382352941176471,0.45588235294117646,0.45588235294117646,7.866854429244995,4.524840354919434
19,0.6463130502139821,-1,0.06659707602332621,0.201661979450899,0.8737798017614028,0.11877334819120519,0.1008309897254495,0.5,0.6188725303201115,-1,0.5257352941176471,0.689202626546224,-0.023692816495895386,0.12767662721521714,0.12765854947707234,0.5955882913926068,0.7352941176470589,0.4264705882352941,0.4264705882352941,7.543406009674072,4.295499563217163
20,0.6312918382532456,-1,0.08957967337440043,0.19965394805459416,0.7441485909854665,0.13689114065731273,0.09982697402729708,0.5,0.6219362371108111,-1,0.45955882352941174,0.7000972523408777,-0.08949952967026654,0.09611728612114401,0.0958118719213149,0.5735294117647058,0.7205882352941176,0.39705882352941174,0.4117647058823529,7.705803871154785,4.4799416065216064
21,0.6271131178911995,-1,0.08570126926197726,0.22512013771954706,0.8273743461160099,0.14167308807373047,0.11256006885977353,0.5,0.6231617647058824,-1,0.375,0.6776391571643305,-0.05497057998881621,0.12130849501665901,0.1205897892222685,0.5906862932093003,0.7647058823529411,0.39705882352941174,0.39705882352941174,7.894350290298462,4.404419422149658
22,0.6195043676039752,-1,0.10070040646721334,0.20199854233685663,0.7889568665448357,0.1311028845169965,0.100999257143806,0.5,0.6384804108563591,-1,0.3492647058823529,0.6689489776012945,-0.05809325330397662,0.1489847688113942,0.14911424412446864,0.5784313538495232,0.75,0.25,0.25,7.650861978530884,4.450382947921753
23,0.6023789013133329,-1,0.1293780382941751,0.20000720024108887,0.6582764457253849,0.17111954969518325,0.10000360012054443,0.4999999439015108,0.6409313538495232,-1,0.22058823529411764,0.6681817746629902,-0.08974303918726304,0.12927874396829045,0.12869760569404154,0.5710784687715418,0.7205882352941176,0.23529411764705882,0.22058823529411764,8.036865949630737,5.0463831424713135
24,0.5844186895033893,-1,0.12254946372088264,0.21431897668277516,0.6244442322674919,0.1856386801775764,0.10715948834138758,0.5,0.6727941176470589,-1,0.16544117647058823,0.6577670527439491,-0.13097057623021743,0.11805353445165298,0.11871091057272519,0.5808824090396657,0.75,0.16176470588235295,0.16176470588235295,8.409404993057251,4.492603302001953
25,0.5687316445743337,-1,0.12570524215698242,0.24428095537073471,0.6402531231150907,0.20427361656637752,0.12214047768536736,0.5,0.686274528503418,-1,0.125,0.6403563256357231,-0.12918942114886114,0.12884841245763443,0.1302313524134019,0.6078431185554055,0.6323529411764706,0.1323529411764706,0.1323529411764706,8.163058280944824,4.324361801147461
26,0.5505906273336971,-1,0.12727604192845962,0.22191935427048626,0.6241335027358111,0.19278885336483226,0.11095967713524313,0.4999999439015108,0.7089460597318762,-1,0.13970588235294118,0.6400325999540442,-0.1793646391700296,0.12453542036168716,0.12636317926294663,0.6274509990916532,0.5882352941176471,0.16176470588235295,0.16176470588235295,8.185021162033081,4.820844411849976
27,0.5318660736083984,-1,0.12896344240973978,0.2428430108463063,0.7044318143059226,0.19184809572556438,0.12142150542315315,0.5,0.7303921194637523,-1,0.12867647058823528,0.601983575259938,-0.13724500992718866,0.1712023650898653,0.1728858246522791,0.6593137628891889,0.6617647058823529,0.1323529411764706,0.1323529411764706,8.259955406188965,4.895204544067383
28,0.5123122720157399,-1,0.13008818906896255,0.27808739157284007,0.7009946037741268,0.21646733844981475,0.13904369578642004,0.5,0.7567402895759133,-1,0.1323529411764706,0.6038607803045535,-0.2164907034705667,0.1315284897299374,0.1340650109683766,0.6348039402681238,0.6617647058823529,0.14705882352941177,0.14705882352941177,8.632976531982422,5.121489763259888
29,0.4962093128877528,-1,0.10218852407792035,0.26448743483599496,0.7408784978529986,0.1952969747431138,0.13224371741799748,0.5,0.7536764705882353,-1,0.12867647058823528,0.5916117873846316,-0.2525191587560317,0.13896783660439885,0.13791174047133503,0.649509822621065,0.6029411764705882,0.16176470588235295,0.16176470588235295,8.417185544967651,4.690467357635498
30,0.47237244774313536,-1,0.1035684066660264,0.25998034196741443,0.8160093531889074,0.17184114456176758,0.12999017098370722,0.5,0.7843137628891889,-1,0.15073529411764705,0.5873535006654029,-0.31983813117532167,0.09430207925684311,0.09392142997068517,0.649509822621065,0.6764705882352942,0.20588235294117646,0.19117647058823528,8.14203929901123,4.989596843719482
31,0.4585092207964729,-1,0.08725608096403234,0.32425566280589385,1.0539134530460132,0.1635000845965217,0.16212783140294693,0.5,0.7843137628891889,-1,0.14705882352941177,0.5766849517822266,-0.38203707863302794,0.13125120892244227,0.12988055453580968,0.6740195891436409,0.75,0.14705882352941177,0.14705882352941177,8.597155570983887,4.503290176391602
32,0.4418653039371266,-1,0.047414548256817984,0.2926814976860495,1.1142309974221623,0.1371622646556181,0.14634074884302475,0.5,0.811274528503418,-1,0.1801470588235294,0.5567212572284773,-0.4426987030926873,0.09844376059139476,0.09578564587761373,0.6936274696798885,0.7352941176470589,0.16176470588235295,0.17647058823529413,8.148689985275269,4.8900465965271
33,0.41957779491648955,-1,0.06445734641131233,0.25741880080279184,1.1376340529497933,0.12192772416507497,0.12870940040139592,0.5,0.8167892904842601,-1,0.13970588235294118,0.5469490126067517,-0.5074206520529354,0.08700185663559858,0.08769591415629667,0.6887255275950712,0.7647058823529411,0.14705882352941177,0.16176470588235295,7.84627103805542,5.057361125946045
34,0.39698325886445884,-1,0.04575643819921157,0.27106618881225586,1.1917311724494486,0.1328449249267578,0.13553309440612793,0.5,0.835784351124483,-1,0.16911764705882354,0.5448138293098,-0.5586246041690602,0.08118531984441421,0.07573913125430837,0.6911765266867245,0.75,0.16176470588235295,0.17647058823529413,8.57361626625061,5.056671857833862
35,0.3837759635027717,-1,0.051611574257121366,0.32041431875789866,1.2449226379394531,0.1513682954451617,0.16020715937894933,0.5,0.8382352941176471,-1,0.16911764705882354,0.5399717069139668,-0.5715477326337028,0.07811283364015467,0.07941833664389218,0.710784351124483,0.7794117647058824,0.17647058823529413,0.14705882352941177,8.095993280410767,4.444084882736206
36,0.36352261374978456,-1,0.0174484042560353,0.3258229143479291,1.482291950899012,0.12372868201311897,0.16291145717396455,0.5,0.8492645936853745,-1,0.17647058823529413,0.52711176404766,-0.6149642607745003,0.08644768771003275,0.0791247942868401,0.7230392343857709,0.7647058823529411,0.14705882352941177,0.16176470588235295,7.679208755493164,4.384709119796753
37,0.3477467929615694,-1,0.0240955931298873,0.3226275163538316,1.762976365930894,0.09730262616101433,0.1613137581769158,0.5,0.8547793556662167,-1,0.19117647058823528,0.5435362423167509,-0.6856787064496208,0.059952160891364605,0.07510469240300796,0.7156863493077895,0.8088235294117647,0.11764705882352941,0.14705882352941177,7.603225469589233,4.473298072814941
38,0.33446600857902975,-1,0.022923462531145883,0.3693806704352884,1.6900927599738627,0.11109049179974724,0.1846903352176442,0.5,0.8664215312284582,-1,0.18382352941176472,0.5192730473537072,-0.6942824195413029,0.05303382873535156,0.05534455004860373,0.7303921755622415,0.7647058823529411,0.14705882352941177,0.14705882352941177,8.433236598968506,5.086468696594238
39,0.31763270322014303,-1,0.00470356599372976,0.3982578165390912,1.9361913344439339,0.11186823424171,0.1991289082695456,0.5,0.8719362932093003,-1,0.20220588235294118,0.5281833199893727,-0.7523669074563419,0.04298689786125632,0.04170911452349495,0.7230392904842601,0.75,0.1323529411764706,0.16176470588235295,8.866899967193604,5.1427788734436035
40,0.29954004287719727,-1,0.002088042304796331,0.34252197602215934,1.6926843979779411,0.11171344448538388,0.17126098801107967,0.5,0.8694852380191579,-1,0.19117647058823528,0.516056172987994,-0.71142297632554,0.07872776424183565,0.08056698125951431,0.732843230752384,0.7205882352941176,0.14705882352941177,0.14705882352941177,8.689797163009644,4.886868238449097
41,0.28701221241670494,-1,-0.050706572392407584,0.3726245094748104,1.9598020665785845,0.10397221761591294,0.1863122547374052,0.5,0.8823529411764706,-1,0.20220588235294118,0.5282929364372703,-0.7588348949656767,0.07712989694931928,0.08260404362398036,0.7303922316607308,0.7647058823529411,0.17647058823529413,0.16176470588235295,9.294737577438354,5.509508371353149
42,0.27633338816025677,-1,-0.007625475525856018,0.3853336222031537,2.0521789999569164,0.10403628209057976,0.19266681110157685,0.5,0.8927695891436409,-1,0.1948529411764706,0.5182075500488281,-0.8187077466179343,0.07054574349347283,0.06146665180430693,0.7352941176470589,0.8088235294117647,0.11764705882352941,0.14705882352941177,10.079277992248535,6.9183125495910645
43,0.26958103740916534,-1,-0.023500214604770437,0.3924073331496295,2.0605082792394303,0.09844510695513557,0.19620366657481475,0.5,0.8921568814445945,-1,0.21691176470588236,0.5291641085755592,-0.8299448349896599,0.015919613487580243,0.014424525639590095,0.7426471149220186,0.8382352941176471,0.1323529411764706,0.1323529411764706,11.707723617553711,6.671266555786133
44,0.2518225557663861,-1,-0.07928343380198759,0.3623994378482594,2.266145818373736,0.09097698856802548,0.1811997189241297,0.5,0.8946078244377585,-1,0.1948529411764706,0.5484824087105545,-1.0175175386316635,0.002055285608067232,-0.0021548130932976216,0.7573529972749597,0.8382352941176471,0.17647058823529413,0.19117647058823528,11.919466495513916,6.355508327484131
45,0.23375676659976735,-1,-0.11807701166938334,0.3916601573719698,2.4622430240406707,0.08288661872639376,0.1958300786859849,0.5,0.9087008868946749,-1,0.25735294117647056,0.5318932252771714,-0.9411184647504021,0.03600858940797694,0.040184371611651254,0.7549019981833065,0.8676470588235294,0.16176470588235295,0.16176470588235295,11.48945927619934,6.697462797164917
46,0.23540446337531595,-1,-0.04400793594472548,0.43085474126479206,2.4375848209156707,0.0911709981806138,0.21542737063239603,0.5,0.9007352941176471,-1,0.20955882352941177,0.48864185108857994,-0.9934253692626953,0.06860709891599767,0.06713460473453298,0.7769608217127183,0.8676470588235294,0.17647058823529413,0.19117647058823528,11.645052433013916,6.460772514343262
47,0.21927945754107306,-1,-0.16038959166582892,0.3397669511682847,2.603223015280331,0.06781466568217558,0.16988347558414235,0.5,0.9240196452421301,-1,0.20220588235294118,0.5240431766884,-1.2016464682186352,0.03963081976946663,0.040027334409601545,0.7720588235294118,0.8529411764705882,0.16176470588235295,0.16176470588235295,11.193550109863281,5.986250162124634
48,0.20980325867148006,-1,-0.1148545321296243,0.37245851404526653,2.486237918629366,0.07621576505548813,0.18622925702263327,0.5,0.9197304108563591,-1,0.26838235294117646,0.5512168734681373,-1.1941334219539868,0.02258082347757676,0.017784488551756916,0.7549019981833065,0.8676470588235294,0.19117647058823528,0.22058823529411764,11.724228382110596,6.522655725479126
49,0.18972708197201,-1,-0.09558073913349825,0.3651520224178539,2.7202482784495636,0.07174286421607523,0.18257601120892694,0.5,0.9344362932093003,-1,0.23161764705882354,0.5624929315903607,-1.2155771816478056,0.06363413614385269,0.06251040626974667,0.7598039402681238,0.8088235294117647,0.19117647058823528,0.19117647058823528,11.249052286148071,6.268134117126465
50,0.18064838297226848,-1,-0.17055055674384623,0.3886845532585593,2.816555471981273,0.07539427280426025,0.19434227662927964,0.5,0.9350488887113684,-1,0.21323529411764705,0.524137534347235,-1.2416423348819507,0.07321317756877226,0.06692629000719856,0.7769607656142291,0.9117647058823529,0.19117647058823528,0.25,10.95256495475769,6.934457778930664
51,0.17971986882826863,-1,-0.13432377927443562,0.40384640413172107,2.914355109719669,0.07308093239279355,0.20192320206586054,0.5,0.9332108217127183,-1,0.2536764705882353,0.5422587675206801,-1.2941468182732077,0.03761261350968305,0.03936756709042717,0.7647058823529411,0.9117647058823529,0.23529411764705882,0.23529411764705882,11.710014581680298,6.376933813095093
52,0.16615508584415212,-1,-0.17428414961870978,0.3359445403603947,3.4155619004193474,0.05096402939628152,0.16797227018019734,0.5,0.9393382913926068,-1,0.2757352941176471,0.5695948133281633,-1.436503242043888,-0.03747964957181145,-0.0402635230737574,0.7794118208043715,0.8970588235294118,0.22058823529411764,0.22058823529411764,11.59080171585083,6.122825384140015
53,0.16446573594037225,-1,-0.1780842472525204,0.3504907664130716,3.4326234705307903,0.058439433574676514,0.1752453832065358,0.5,0.9393381791956285,-1,0.29044117647058826,0.5730588202383003,-1.3160448635325712,0.04243994811001946,0.042606381809010226,0.7549019981833065,0.8529411764705882,0.25,0.23529411764705882,10.470576286315918,6.6517579555511475
54,0.14953728283152862,-1,-0.2394440594841452,0.3449211120605469,3.2366718965418197,0.056467038743636185,0.17246055603027344,0.5,0.9503676470588235,-1,0.23897058823529413,0.526311575197706,-1.528642878812902,2.5966149919173296e-05,-6.396717884961297e-05,0.7916666479671702,0.8823529411764706,0.27941176470588236,0.27941176470588236,11.338122844696045,6.84634804725647
55,0.14949492847218232,-1,-0.24385370927698471,0.40650328467873964,3.0580810098087086,0.06789708137512207,0.20325164233936982,0.5,0.9454657610724954,-1,0.3272058823529412,0.5469772488463158,-1.6130394655115463,-0.047193106483010686,-0.05326377644258387,0.7867647619808421,0.9264705882352942,0.27941176470588236,0.29411764705882354,11.339036226272583,6.880340099334717
56,0.1326468131121467,-1,-0.22233904109281652,0.33325907763312845,3.378405627082376,0.052858236957998836,0.16662953881656423,0.5,0.9583332959343406,-1,0.29044117647058826,0.5743399975346584,-1.622420591466567,0.005857869106180528,0.014257896472426021,0.8088235294117647,0.9264705882352942,0.27941176470588236,0.20588235294117646,11.764237403869629,6.7323644161224365
57,0.12624214677249684,-1,-0.27476035847383384,0.3307019682491527,3.7194649191463696,0.0464063988012426,0.16535098412457636,0.5,0.9595588235294118,-1,0.31985294117647056,0.5929532892563764,-1.6838877060834099,-0.020921535351697135,-0.014067442101590773,0.7818627637975356,0.8823529411764706,0.20588235294117646,0.20588235294117646,11.449792385101318,7.144288063049316
58,0.12169748194077436,-1,-0.37421131134033203,0.3243352946113138,3.4890807656680836,0.04986610833336325,0.1621676473056569,0.5,0.9662990570068359,-1,0.3161764705882353,0.6294084436753217,-1.7269991706399357,-0.026252026067060584,-0.03183335065841675,0.772058879627901,0.8970588235294118,0.27941176470588236,0.25,10.962012767791748,6.202068090438843
59,0.11536107343785904,-1,-0.2854659978081198,0.2948312759399414,3.9501104915843293,0.04002860013176413,0.1474156379699707,0.5,0.9675243602079504,-1,0.3235294117647059,0.557408800312117,-1.8974263808306526,0.018061697483062744,-0.003020197372226154,0.8014705882352942,0.9117647058823529,0.29411764705882354,0.35294117647058826,10.436244487762451,6.17758846282959
60,0.11118014419780058,-1,-0.2950266950270709,0.34024420906515684,4.0990596098058365,0.042682865086723774,0.17012210453257842,0.5,0.9699754153980928,-1,0.30514705882352944,0.6267527785955691,-1.8135858423569624,-0.022702259175917682,-0.012640925014720243,0.7769607656142291,0.8823529411764706,0.22058823529411764,0.19117647058823528,10.476988554000854,6.64640998840332
61,0.10569112441119026,-1,-0.24515286613913143,0.286584545584286,4.054388158461627,0.036868677419774676,0.143292272792143,0.5,0.9754902334774241,-1,0.3014705882352941,0.5909070407643038,-1.8342264960793888,-0.00876359553898082,-0.01327746843590456,0.8014706443337833,0.8382352941176471,0.3235294117647059,0.3235294117647059,11.252596855163574,7.002788066864014
62,0.0999836991815006,-1,-0.2551622671239516,0.29155433879179116,4.366816801183364,0.03519362912458532,0.14577716939589558,0.5,0.9785538841696346,-1,0.2867647058823529,0.5902240977567785,-2.0788589926326977,-0.03992026693680707,-0.04518951738581938,0.8063725864186007,0.9264705882352942,0.3088235294117647,0.3235294117647059,12.145408630371094,6.698957920074463
63,0.1026831304325777,-1,-0.3596193930682014,0.365172217873966,4.457894269157858,0.045648020856520706,0.182586108936983,0.5,0.9730392904842601,-1,0.2867647058823529,0.6506489024442785,-1.9820774302763098,-0.04494614460889031,-0.04003548622131348,0.7892157049740062,0.9558823529411765,0.3088235294117647,0.3382352941176471,12.367066860198975,6.813396692276001
64,0.09890222549438477,-1,-0.3630697586957146,0.355587454403148,4.433191187241498,0.04171834623112398,0.177793727201574,0.5,0.9718137628891889,-1,0.35294117647058826,0.6367085774739584,-2.2019401999080883,-0.03236763617571663,-0.049070056746987736,0.7843137067906997,0.9705882352941176,0.3382352941176471,0.3235294117647059,11.265703916549683,6.433169603347778
65,0.08466184139251709,-1,-0.4424282522762523,0.3094046817106359,4.965921738568475,0.03376203074174769,0.15470234085531795,0.5,0.9822304669548484,-1,0.35661764705882354,0.6397393918504902,-2.3093010397518383,-0.053142144399530744,-0.039523513878093046,0.8063725864186007,0.9411764705882353,0.3088235294117647,0.29411764705882354,11.032902956008911,6.138869524002075
66,0.08453931527979233,-1,-0.46391164555269127,0.335846508250517,4.2490386962890625,0.038198734031004065,0.1679232541252585,0.5,0.9797794117647058,-1,0.29044117647058826,0.6462405335669424,-2.122005013858571,-0.027776413104113412,-0.0487371192258947,0.8161765266867245,0.9117647058823529,0.38235294117647056,0.4117647058823529,10.796488523483276,5.987438678741455
67,0.07539407645954806,-1,-0.41294224121991324,0.2604672207551844,4.550976921530331,0.03210903265896965,0.1302336103775922,0.5,0.9828430624569163,-1,0.3235294117647059,0.643372704001034,-2.2728318607105926,-0.014540307662066291,-0.014419613515629488,0.811274528503418,0.9264705882352942,0.29411764705882354,0.29411764705882354,11.298048734664917,5.927918910980225
68,0.06915112803964053,-1,-0.4734691171085133,0.23993419198428884,4.793535569134881,0.026327629299724802,0.11996709599214442,0.5,0.9877451728372013,-1,0.33455882352941174,0.7059992621926701,-2.45148759729722,-0.011754228788263658,-0.005930211614159977,0.7916666479671702,0.8970588235294118,0.29411764705882354,0.2647058823529412,11.71109676361084,6.987430572509766
69,0.06858344639048856,-1,-0.4058954014497645,0.2692413610570571,5.162239074707031,0.028009132427327773,0.13462068052852855,0.5,0.984068702248966,-1,0.3602941176470588,0.6931942210477942,-2.401310415828929,-0.05347661761676564,-0.0628043904024012,0.796568702248966,0.9411764705882353,0.2647058823529412,0.35294117647058826,11.970028400421143,6.595524549484253
70,0.06853728434618782,-1,-0.4387596915749943,0.270327091217041,5.468163882984834,0.027524187284357408,0.1351635456085205,0.4999999439015108,0.9865196452421301,-1,0.3382352941176471,0.7225017173617494,-2.5024057276108684,-0.02171632822822122,-0.014569988145547755,0.7965686461504768,0.8970588235294118,0.29411764705882354,0.27941176470588236,11.785047054290771,6.829995155334473
71,0.06797861351686366,-1,-0.5038395488963407,0.23942164813770966,5.223499971277573,0.026388050878749174,0.11971082406885483,0.5,0.9846815221449908,-1,0.3492647058823529,0.6980372410194546,-2.422223259420956,-0.03482516372905058,-0.030381942496580237,0.8161765266867245,0.9117647058823529,0.2647058823529412,0.3088235294117647,11.505479574203491,6.728485107421875
72,0.060363510075737446,-1,-0.5355488833259133,0.21409247903262868,5.8115247838637405,0.018954121014651132,0.10704623951631434,0.5,0.9926470588235294,-1,0.3088235294117647,0.7887556786630668,-2.695643256692325,-0.09959103780634262,-0.10222227433148552,0.7818627637975356,0.9264705882352942,0.3235294117647059,0.29411764705882354,10.65986967086792,5.92992901802063
73,0.06342786901137408,-1,-0.4765008477603688,0.3316334836623248,5.501182556152344,0.032920658588409424,0.1658167418311624,0.5,0.9865196452421301,-1,0.36764705882352944,0.7079557531020221,-2.3861860387465534,-0.09049220646128935,-0.08612145395839915,0.813725471496582,0.9264705882352942,0.36764705882352944,0.3235294117647059,11.016769409179688,5.927812576293945
74,0.05324333906173706,-1,-0.39663025912116556,0.21422548855052276,4.546350366928998,0.025946657447253958,0.10711274427526138,0.5,0.9883578805362477,-1,0.3382352941176471,0.6924039803299249,-2.826189602122587,0.011469661312944749,0.013163934735690845,0.8088235855102539,0.9411764705882353,0.36764705882352944,0.4117647058823529,11.800000190734863,6.622021198272705
75,0.05762962032766903,-1,-0.5339771719539866,0.30145900389727426,5.864619086770451,0.028607054668314317,0.15072950194863713,0.5,0.9883578805362477,-1,0.40808823529411764,0.7129087261125153,-2.6438091502470127,-0.06781124367433436,-0.06956910385805018,0.811274528503418,0.9264705882352942,0.3088235294117647,0.25,10.996058225631714,6.390508651733398
76,0.04891453420414644,-1,-0.5265583150527057,0.21437859535217285,6.0578321569106155,0.018128409105188707,0.10718929767608643,0.5,0.9914216434254366,-1,0.39338235294117646,0.7882160859949449,-2.8796301449046418,-0.029594389831318575,-0.030666505589204675,0.8088235294117647,0.9411764705882353,0.36764705882352944,0.3382352941176471,11.738521337509155,6.9914515018463135
77,0.04883270403918098,-1,-0.44172239303588867,0.2546117165509392,5.7553105073816635,0.023069841020247516,0.1273058582754696,0.5,0.9920342389275046,-1,0.3492647058823529,0.7437008128446692,-2.8152414209702434,-0.06445433812982895,-0.05805552005767822,0.8088235855102539,0.9264705882352942,0.3088235294117647,0.27941176470588236,11.213408470153809,6.683869361877441
78,0.046024066560408645,-1,-0.5372881047865924,0.2150423106025247,6.141739340389476,0.018575275645536536,0.10752115530126236,0.5,0.9920342389275046,-1,0.3235294117647059,0.7560888552198223,-3.0443332896513096,-0.041358176399679744,-0.04379392020842608,0.813725471496582,0.9558823529411765,0.25,0.2647058823529412,11.447162389755249,6.558653831481934
79,0.046397770152372474,-1,-0.5134478737326229,0.1742553149952608,5.5993481804342835,0.016457417431999657,0.08712766450994155,0.5,0.9908088235294118,-1,0.40808823529411764,0.7796541849772135,-2.840584025663488,-0.09192934456993551,-0.08048276340260226,0.8039215873269474,0.8823529411764706,0.3382352941176471,0.3088235294117647,11.465129852294922,6.974134206771851
80,0.03876263604444616,-1,-0.567538205315085,0.17026354284847484,5.97220656451057,0.015874194748261395,0.08513177142423742,0.4999999439015108,0.9926470588235294,-1,0.3786764705882353,0.7978664472991345,-3.108000587014591,-0.007040696109042448,-0.00699616880977855,0.8014706443337833,0.9264705882352942,0.3235294117647059,0.3382352941176471,10.575137853622437,6.473198890686035
81,0.04170074182398179,-1,-0.5367379469030044,0.1992941744187299,6.586666331571691,0.017081592012854183,0.09964708720936495,0.4999999439015108,0.9932598787195542,-1,0.3713235294117647,0.774414810479856,-3.142702439252068,-0.047300892717698044,-0.04489299830268411,0.8137255275950712,0.9264705882352942,0.29411764705882354,0.27941176470588236,11.382126092910767,6.989837408065796
82,0.038472778656903434,-1,-0.6956700717701632,0.16577758508570054,6.028142143698299,0.014503694632474114,0.08288879254285027,0.4999999439015108,0.9932597665225759,-1,0.4227941176470588,0.7921144074084712,-3.137044345631319,-0.14461062936221852,-0.148714822881362,0.8088235294117647,0.8970588235294118,0.3382352941176471,0.38235294117647056,10.815321445465088,6.597219705581665
83,0.03773655961541569,-1,-0.7240131041582893,0.1999832461862003,6.684715719784007,0.015660331529729506,0.09999162309310015,0.5,0.9957107095157399,-1,0.39338235294117646,0.8076509961894914,-3.219686844769646,-0.003216529155478758,0.016145427437389597,0.8063725303201115,0.9705882352941176,0.2647058823529412,0.25,10.502898693084717,5.884677410125732
84,0.035309490035561955,-1,-0.6167337754193474,0.18688886305865118,7.163828681497013,0.014449763823958003,0.09344442451701444,0.5,0.9932598787195542,-1,0.3786764705882353,0.8267935210583257,-3.244285359102137,-0.006886808311238009,-0.007946428130654729,0.8161765266867245,0.9264705882352942,0.3382352941176471,0.25,10.531574249267578,6.751004934310913
85,0.030273774090935204,-1,-0.6751041412353516,0.1532736525816076,6.599266052246094,0.013284041601068833,0.0766368262908038,0.4999999439015108,0.9938725864186007,-1,0.3639705882352941,0.8296041301652497,-3.225049187155331,-0.017057564328698552,-0.007720297750304727,0.8088235855102539,0.9264705882352942,0.25,0.23529411764705882,11.456756353378296,6.808475017547607
86,0.029007087735568777,-1,-0.603787478278665,0.12663992713479436,6.623042387120864,0.009891553836710313,0.06331996356739718,0.4999999439015108,0.9950981140136719,-1,0.3860294117647059,0.8324077830595129,-3.4097000570858227,-0.026192735223209158,-0.028358245597166175,0.811274528503418,0.9558823529411765,0.25,0.22058823529411764,11.36387848854065,6.851727247238159
87,0.028085997875999,-1,-0.6051801793715533,0.13234613923465505,6.771372626809513,0.010925717213574578,0.06617306961732752,0.5,0.9969363493077895,-1,0.39338235294117646,0.9009244582232308,-3.4307946597828582,-0.02737120144507464,-0.027475360561819637,0.8088235855102539,0.9558823529411765,0.27941176470588236,0.3088235294117647,11.490645408630371,6.401029586791992
88,0.024731274913339055,-1,-0.7294648675357595,0.11079193564022288,6.877635282628677,0.008768649662242216,0.05539596782011144,0.4999999439015108,0.9969363493077895,-1,0.40808823529411764,0.8540470646876915,-3.5693388546214386,-0.04804965327767765,-0.047506157089682186,0.813725471496582,0.9264705882352942,0.3382352941176471,0.3235294117647059,11.343101263046265,7.049524307250977
89,0.027044229647692514,-1,-0.7022817836088293,0.16008928242851705,6.097555721507353,0.013927964603199679,0.08004464121425853,0.5,0.9957108217127183,-1,0.4227941176470588,0.9200206831389782,-3.655938316794003,-0.07921263049630557,-0.07997390803168802,0.801470532136805,0.9411764705882353,0.35294117647058826,0.38235294117647056,11.578848361968994,6.480247497558594
90,0.026976899189107558,-1,-0.6149560703950769,0.1578673615175135,6.749523387235754,0.012622082058121176,0.07893368075875674,0.4999999439015108,0.9969363493077895,-1,0.47794117647058826,0.8879881466136259,-3.789321450626149,-0.049273550510406494,-0.046508119386785174,0.8161765266867245,0.9558823529411765,0.35294117647058826,0.35294117647058826,11.223026990890503,6.810868263244629
91,0.026331936611848718,-1,-0.7693607105928308,0.1491975503809312,7.564581478343291,0.011011855567202848,0.0745987751904656,0.4999999439015108,0.9969363493077895,-1,0.4007352941176471,0.8874044231339997,-3.6878662109375,-0.10799444423002355,-0.11288393946254954,0.813725471496582,0.9117647058823529,0.38235294117647056,0.39705882352941174,10.940704822540283,6.933599472045898
92,0.024709342157139498,-1,-0.7884786830228918,0.13006042031680837,7.539246503044577,0.009247388909844792,0.06503021015840418,0.5,0.9963235294117647,-1,0.375,0.9191886303471584,-3.6997810812557446,-0.12629873612347772,-0.09555637135225184,0.8088235855102539,0.9852941176470589,0.39705882352941174,0.36764705882352944,11.369910955429077,7.299095153808594
93,0.024111272657618803,-1,-0.7175979614257812,0.1378003148471608,7.097949308507583,0.010473033961127786,0.0689001574235804,0.5,0.9950981140136719,-1,0.41544117647058826,0.9277515037387025,-3.8084505866555607,-0.09021654549766989,-0.07728871177224551,0.8088235855102539,0.9558823529411765,0.4411764705882353,0.39705882352941174,11.476541519165039,6.849652290344238
94,0.021824510658488554,-1,-0.806597485261805,0.10583336213055779,7.738577450022978,0.006733170765287736,0.052916681065278894,0.4999999439015108,0.9957108217127183,-1,0.4117647058823529,0.9076172323787913,-3.7001302382525276,-0.027060014360091266,-0.02538731518913718,0.8039215873269474,0.9558823529411765,0.3382352941176471,0.3088235294117647,11.230509281158447,6.708386659622192
95,0.021570836796480065,-1,-0.7581628350650563,0.10468142874100629,7.015693664550781,0.007967478212188272,0.052340714370503146,0.4999999439015108,0.9975489448098576,-1,0.3860294117647059,0.9157565247778799,-3.740444632137523,-0.07361109116498162,-0.09835869424483355,0.7990195891436409,0.9411764705882353,0.3088235294117647,0.36764705882352944,12.2596595287323,6.513741970062256
96,0.022392725243287927,-1,-0.8525149401496438,0.12669127127703497,7.0780810187844665,0.009389049866620232,0.06334563563851749,0.5,0.9950981140136719,-1,0.3713235294117647,0.915465934603822,-4.0052930046530335,-0.058785876807044536,-0.04385064629947438,0.801470532136805,0.9264705882352942,0.36764705882352944,0.36764705882352944,11.822732210159302,5.885370492935181
97,0.021512727527057424,-1,-0.864755350000718,0.10209169107324936,7.074119567871094,0.007627043653936947,0.05104584203046911,0.4999999439015108,0.9963235294117647,-1,0.43014705882352944,0.9370974372414982,-3.761189404655905,-0.14287297865923712,-0.14582252502441406,0.811274528503418,0.9411764705882353,0.3088235294117647,0.2647058823529412,11.031701564788818,6.6239776611328125
98,0.021026923375971177,-1,-0.8564529418945312,0.10950299571542178,6.835946924546185,0.008466661852948806,0.05475149785771089,0.4999999439015108,0.9969362371108111,-1,0.4338235294117647,0.9496393390730316,-3.970392114975873,-0.08762905176948099,-0.07483206075780532,0.801470532136805,0.9411764705882353,0.35294117647058826,0.3235294117647059,10.995468854904175,6.629685878753662
99,0.018981046536389518,-1,-0.7222428602330825,0.0988481325261733,7.259734209846048,0.007490490289295421,0.04942406626308665,0.5,0.9969362371108111,-1,0.41911764705882354,0.9712643342859605,-3.910061106962316,-0.19715232007643757,-0.1302036257351146,0.8014705882352942,0.9411764705882353,0.3235294117647059,0.39705882352941174,11.936345100402832,6.680348873138428
100,0.020905473653007958,-1,-0.8334936254164752,0.15608997905955596,7.043647317325368,0.01185415860484628,0.07804498952977798,0.5,0.9944852941176471,-1,0.40441176470588236,0.9721804600135953,-4.1164721320657165,-0.060310707372777606,-0.07053171185886159,0.8161764705882353,0.9117647058823529,0.38235294117647056,0.3235294117647059,10.977022171020508,5.940155267715454
